province,candidate,coalition_parties,dprd_provincial_seats,dprd_provincial_seat_share,dpr_estimated_seats,dpr_estimated_seat_share,pilpres_vote_share,pilpres_minus_dprd_seat_share
Aceh,Anies,PKB|PKS|NasDem|Ummat,23,0.283951,6,0.461538,0.735600,0.451649
Sumatera Barat,Anies,PKB|PKS|NasDem|Ummat,22,0.338462,6,0.428571,0.565300,0.226838
Papua,Anies,PKB|PKS|NasDem|Ummat,15,0.333333,1,0.333333,0.108100,-0.225233
Papua Selatan,Anies,PKB|PKS|NasDem|Ummat,12,0.342857,2,0.666667,0.133100,-0.209757
Nusa Tenggara Timur,Anies,PKB|PKS|NasDem|Ummat,16,0.246154,4,0.307692,0.052700,-0.193454
Jawa Timur,Anies,PKB|PKS|NasDem|Ummat,42,0.350000,30,0.344828,0.175200,-0.174800
Lampung,Anies,PKB|PKS|NasDem|Ummat,28,0.329412,6,0.300000,0.154900,-0.174512
Papua Pegunungan,Anies,PKB|PKS|NasDem|Ummat,17,0.377778,1,0.333333,0.218900,-0.158878
Jawa Tengah,Anies,PKB|PKS|NasDem|Ummat,34,0.283333,24,0.311688,0.125800,-0.157533
Papua Barat,Anies,PKB|PKS|NasDem|Ummat,9,0.257143,1,0.333333,0.113200,-0.143943
Sumatera Selatan,Anies,PKB|PKS|NasDem|Ummat,24,0.320000,6,0.352941,0.189800,-0.130200
Sulawesi Tengah,Anies,PKB|PKS|NasDem|Ummat,18,0.327273,1,0.142857,0.215000,-0.112273
Papua Tengah,Anies,PKB|PKS|NasDem|Ummat,10,0.222222,1,0.333333,0.116600,-0.105622
Sulawesi Utara,Anies,PKB|PKS|NasDem|Ummat,8,0.177778,1,0.166667,0.073000,-0.104778
Maluku,Anies,PKB|PKS|NasDem|Ummat,14,0.311111,1,0.250000,0.211600,-0.099511
Kepulauan Bangka Belitung,Anies,PKB|PKS|NasDem|Ummat,14,0.311111,0,0.000000,0.230800,-0.080311
Daerah Istimewa Yogyakarta,Anies,PKB|PKS|NasDem|Ummat,15,0.272727,3,0.375000,0.198000,-0.074727
Sulawesi Barat,Anies,PKB|PKS|NasDem|Ummat,9,0.200000,1,0.250000,0.272300,0.072300
Sulawesi Tenggara,Anies,PKB|PKS|NasDem|Ummat,13,0.288889,2,0.333333,0.231000,-0.057889
Kalimantan Tengah,Anies,PKB|PKS|NasDem|Ummat,10,0.222222,1,0.166667,0.169800,-0.052422
DKI Jakarta,Anies,PKB|PKS|NasDem|Ummat,38,0.358491,8,0.380952,0.410700,0.052209
Kalimantan Utara,Anies,PKB|PKS|NasDem|Ummat,8,0.228571,0,0.000000,0.176700,-0.051871
Jambi,Anies,PKB|PKS|NasDem|Ummat,16,0.290909,2,0.250000,0.241500,-0.049409
Kalimantan Selatan,Anies,PKB|PKS|NasDem|Ummat,22,0.400000,3,0.272727,0.351600,-0.048400
Maluku Utara,Anies,PKB|PKS|NasDem|Ummat,14,0.311111,1,0.333333,0.268400,-0.042711
Riau,Anies,PKB|PKS|NasDem|Ummat,22,0.338462,4,0.307692,0.379600,0.041138
Kalimantan Barat,Anies,PKB|PKS|NasDem|Ummat,17,0.261538,4,0.333333,0.223400,-0.038138
Papua Barat Daya,Anies,PKB|PKS|NasDem|Ummat,6,0.171429,1,0.333333,0.135300,-0.036129
Kalimantan Timur,Anies,PKB|PKS|NasDem|Ummat,13,0.236364,3,0.375000,0.200900,-0.035464
Jawa Barat,Anies,PKB|PKS|NasDem|Ummat,42,0.350000,33,0.362637,0.316800,-0.033200
Sumatera Utara,Anies,PKB|PKS|NasDem|Ummat,26,0.260000,7,0.233333,0.292500,0.032500
Bengkulu,Anies,PKB|PKS|NasDem|Ummat,9,0.200000,1,0.250000,0.181000,-0.019000
Nusa Tenggara Barat,Anies,PKB|PKS|NasDem|Ummat,18,0.276923,6,0.545455,0.262000,-0.014923
Kepulauan Riau,Anies,PKB|PKS|NasDem|Ummat,15,0.333333,1,0.250000,0.321500,-0.011833
Banten,Anies,PKB|PKS|NasDem|Ummat,33,0.330000,7,0.318182,0.340200,0.010200
Gorontalo,Anies,PKB|PKS|NasDem|Ummat,13,0.288889,1,0.333333,0.293900,0.005011
Sulawesi Selatan,Anies,PKB|PKS|NasDem|Ummat,32,0.376471,9,0.375000,0.379400,0.002929
Bali,Anies,PKB|PKS|NasDem|Ummat,2,0.036364,1,0.111111,0.037000,0.000636
Sulawesi Utara,Ganjar,PDIP|PPP|Hanura|Perindo,20,0.444444,2,0.333333,0.173900,-0.270544
Gorontalo,Ganjar,PDIP|PPP|Hanura|Perindo,12,0.266667,0,0.000000,0.053700,-0.212967
Sulawesi Tenggara,Ganjar,PDIP|PPP|Hanura|Perindo,10,0.222222,1,0.166667,0.057900,-0.164322
Bali,Ganjar,PDIP|PPP|Hanura|Perindo,32,0.581818,5,0.555556,0.420400,-0.161418
Maluku,Ganjar,PDIP|PPP|Hanura|Perindo,15,0.333333,1,0.250000,0.172500,-0.160833
Nusa Tenggara Barat,Ganjar,PDIP|PPP|Hanura|Perindo,15,0.230769,1,0.090909,0.074300,-0.156469
Sumatera Utara,Ganjar,PDIP|PPP|Hanura|Perindo,28,0.280000,6,0.200000,0.124900,-0.155100
Kalimantan Tengah,Ganjar,PDIP|PPP|Hanura|Perindo,11,0.244444,1,0.166667,0.105000,-0.139444
Kalimantan Barat,Ganjar,PDIP|PPP|Hanura|Perindo,19,0.292308,4,0.333333,0.166100,-0.126208
Sulawesi Selatan,Ganjar,PDIP|PPP|Hanura|Perindo,15,0.176471,1,0.041667,0.050400,-0.126071
Maluku Utara,Ganjar,PDIP|PPP|Hanura|Perindo,11,0.244444,1,0.333333,0.122300,-0.122144
Nusa Tenggara Timur,Ganjar,PDIP|PPP|Hanura|Perindo,14,0.215385,2,0.153846,0.329300,0.113915
Sulawesi Tengah,Ganjar,PDIP|PPP|Hanura|Perindo,11,0.200000,1,0.142857,0.089300,-0.110700
Bengkulu,Ganjar,PDIP|PPP|Hanura|Perindo,10,0.222222,1,0.250000,0.114700,-0.107522
Sulawesi Barat,Ganjar,PDIP|PPP|Hanura|Perindo,8,0.177778,1,0.250000,0.076300,-0.101478
Kepulauan Bangka Belitung,Ganjar,PDIP|PPP|Hanura|Perindo,12,0.266667,1,0.333333,0.170700,-0.095967
Jambi,Ganjar,PDIP|PPP|Hanura|Perindo,11,0.200000,1,0.125000,0.106200,-0.093800
Jawa Barat,Ganjar,PDIP|PPP|Hanura|Perindo,23,0.191667,11,0.120879,0.098200,-0.093467
Kalimantan Timur,Ganjar,PDIP|PPP|Hanura|Perindo,11,0.200000,1,0.125000,0.107600,-0.092400
Riau,Ganjar,PDIP|PPP|Hanura|Perindo,12,0.184615,2,0.153846,0.096900,-0.087715
Sumatera Barat,Ganjar,PDIP|PPP|Hanura|Perindo,8,0.123077,1,0.071429,0.040200,-0.082877
Banten,Ganjar,PDIP|PPP|Hanura|Perindo,18,0.180000,4,0.181818,0.099900,-0.080100
Papua Barat,Ganjar,PDIP|PPP|Hanura|Perindo,10,0.285714,1,0.333333,0.364200,0.078486
Kalimantan Utara,Ganjar,PDIP|PPP|Hanura|Perindo,7,0.200000,1,0.333333,0.126200,-0.073800
Papua Tengah,Ganjar,PDIP|PPP|Hanura|Perindo,17,0.377778,1,0.333333,0.304000,-0.073778
Daerah Istimewa Yogyakarta,Ganjar,PDIP|PPP|Hanura|Perindo,20,0.363636,2,0.250000,0.295700,-0.067936
Sumatera Selatan,Ganjar,PDIP|PPP|Hanura|Perindo,13,0.173333,2,0.117647,0.115500,-0.057833
Aceh,Ganjar,PDIP|PPP|Hanura|Perindo,6,0.074074,1,0.076923,0.020100,-0.053974
Papua Pegunungan,Ganjar,PDIP|PPP|Hanura|Perindo,8,0.177778,1,0.333333,0.135500,-0.042278
Papua,Ganjar,PDIP|PPP|Hanura|Perindo,11,0.244444,1,0.333333,0.285700,0.041256
Jawa Timur,Ganjar,PDIP|PPP|Hanura|Perindo,25,0.208333,19,0.218391,0.172900,-0.035433
Papua Selatan,Ganjar,PDIP|PPP|Hanura|Perindo,11,0.314286,1,0.333333,0.349500,0.035214
Papua Barat Daya,Ganjar,PDIP|PPP|Hanura|Perindo,11,0.314286,0,0.000000,0.279300,-0.034986
Jawa Tengah,Ganjar,PDIP|PPP|Hanura|Perindo,39,0.325000,23,0.298701,0.343500,0.018500
DKI Jakarta,Ganjar,PDIP|PPP|Hanura|Perindo,17,0.160377,4,0.190476,0.172600,0.012223
Kepulauan Riau,Ganjar,PDIP|PPP|Hanura|Perindo,6,0.133333,1,0.250000,0.122100,-0.011233
Kalimantan Selatan,Ganjar,PDIP|PPP|Hanura|Perindo,4,0.072727,0,0.000000,0.066100,-0.006627
Lampung,Ganjar,PDIP|PPP|Hanura|Perindo,13,0.152941,3,0.150000,0.149600,-0.003341
Sulawesi Utara,Prabowo,Gerindra|Golkar|PAN|Demokrat|PSI|Gelora|Garuda,17,0.377778,3,0.500000,0.753100,0.375322
Sulawesi Tenggara,Prabowo,Gerindra|Golkar|PAN|Demokrat|PSI|Gelora|Garuda,18,0.400000,3,0.500000,0.711100,0.311100
Papua Pegunungan,Prabowo,Gerindra|Golkar|PAN|Demokrat|PSI|Gelora|Garuda,17,0.377778,1,0.333333,0.645600,0.267822
Maluku,Prabowo,Gerindra|Golkar|PAN|Demokrat|PSI|Gelora|Garuda,16,0.355556,2,0.500000,0.615900,0.260344
Papua Tengah,Prabowo,Gerindra|Golkar|PAN|Demokrat|PSI|Gelora|Garuda,15,0.333333,1,0.333333,0.579400,0.246067
Sulawesi Tengah,Prabowo,Gerindra|Golkar|PAN|Demokrat|PSI|Gelora|Garuda,25,0.454545,5,0.714286,0.695700,0.241155
Jawa Timur,Prabowo,Gerindra|Golkar|PAN|Demokrat|PSI|Gelora|Garuda,53,0.441667,38,0.436782,0.651900,0.210233
Gorontalo,Prabowo,Gerindra|Golkar|PAN|Demokrat|PSI|Gelora|Garuda,20,0.444444,2,0.666667,0.652400,0.207956
Nusa Tenggara Barat,Prabowo,Gerindra|Golkar|PAN|Demokrat|PSI|Gelora|Garuda,30,0.461538,4,0.363636,0.663700,0.202162
Sumatera Selatan,Prabowo,Gerindra|Golkar|PAN|Demokrat|PSI|Gelora|Garuda,37,0.493333,9,0.529412,0.694700,0.201367
Kepulauan Bangka Belitung,Prabowo,Gerindra|Golkar|PAN|Demokrat|PSI|Gelora|Garuda,18,0.400000,2,0.666667,0.598500,0.198500
Kalimantan Tengah,Prabowo,Gerindra|Golkar|PAN|Demokrat|PSI|Gelora|Garuda,24,0.533333,4,0.666667,0.725200,0.191867
Maluku Utara,Prabowo,Gerindra|Golkar|PAN|Demokrat|PSI|Gelora|Garuda,19,0.422222,1,0.333333,0.609300,0.187078
Papua,Prabowo,Gerindra|Golkar|PAN|Demokrat|PSI|Gelora|Garuda,19,0.422222,1,0.333333,0.606200,0.183978
Lampung,Prabowo,Gerindra|Golkar|PAN|Demokrat|PSI|Gelora|Garuda,44,0.517647,11,0.550000,0.695500,0.177853
Papua Selatan,Prabowo,Gerindra|Golkar|PAN|Demokrat|PSI|Gelora|Garuda,12,0.342857,0,0.000000,0.517400,0.174543
Kalimantan Barat,Prabowo,Gerindra|Golkar|PAN|Demokrat|PSI|Gelora|Garuda,29,0.446154,4,0.333333,0.610500,0.164346
Bali,Prabowo,Gerindra|Golkar|PAN|Demokrat|PSI|Gelora|Garuda,21,0.381818,3,0.333333,0.542600,0.160782
Sumatera Barat,Prabowo,Gerindra|Golkar|PAN|Demokrat|PSI|Gelora|Garuda,35,0.538462,7,0.500000,0.394500,-0.143962
Jambi,Prabowo,Gerindra|Golkar|PAN|Demokrat|PSI|Gelora|Garuda,28,0.509091,5,0.625000,0.652300,0.143209
Daerah Istimewa Yogyakarta,Prabowo,Gerindra|Golkar|PAN|Demokrat|PSI|Gelora|Garuda,20,0.363636,3,0.375000,0.506300,0.142664
Jawa Tengah,Prabowo,Gerindra|Golkar|PAN|Demokrat|PSI|Gelora|Garuda,47,0.391667,30,0.389610,0.530700,0.139033
Kalimantan Timur,Prabowo,Gerindra|Golkar|PAN|Demokrat|PSI|Gelora|Garuda,31,0.563636,4,0.500000,0.691500,0.127864
Jawa Barat,Prabowo,Gerindra|Golkar|PAN|Demokrat|PSI|Gelora|Garuda,55,0.458333,47,0.516484,0.585000,0.126667
Bengkulu,Prabowo,Gerindra|Golkar|PAN|Demokrat|PSI|Gelora|Garuda,26,0.577778,2,0.500000,0.704300,0.126522
Kalimantan Utara,Prabowo,Gerindra|Golkar|PAN|Demokrat|PSI|Gelora|Garuda,20,0.571429,2,0.666667,0.697100,0.125671
Sulawesi Selatan,Prabowo,Gerindra|Golkar|PAN|Demokrat|PSI|Gelora|Garuda,38,0.447059,14,0.583333,0.570200,0.123141
Sumatera Utara,Prabowo,Gerindra|Golkar|PAN|Demokrat|PSI|Gelora|Garuda,46,0.460000,17,0.566667,0.582600,0.122600
Nusa Tenggara Timur,Prabowo,Gerindra|Golkar|PAN|Demokrat|PSI|Gelora|Garuda,35,0.538462,7,0.538462,0.618000,0.079538
Aceh,Prabowo,Gerindra|Golkar|PAN|Demokrat|PSI|Gelora|Garuda,26,0.320988,6,0.461538,0.244300,-0.076688
Papua Barat Daya,Prabowo,Gerindra|Golkar|PAN|Demokrat|PSI|Gelora|Garuda,18,0.514286,2,0.666667,0.585400,0.071114
Banten,Prabowo,Gerindra|Golkar|PAN|Demokrat|PSI|Gelora|Garuda,49,0.490000,11,0.500000,0.559900,0.069900
Papua Barat,Prabowo,Gerindra|Golkar|PAN|Demokrat|PSI|Gelora|Garuda,16,0.457143,1,0.333333,0.522600,0.065457
DKI Jakarta,Prabowo,Gerindra|Golkar|PAN|Demokrat|PSI|Gelora|Garuda,51,0.481132,9,0.428571,0.416700,-0.064432
Kalimantan Selatan,Prabowo,Gerindra|Golkar|PAN|Demokrat|PSI|Gelora|Garuda,29,0.527273,8,0.727273,0.582300,0.055027
Riau,Prabowo,Gerindra|Golkar|PAN|Demokrat|PSI|Gelora|Garuda,31,0.476923,7,0.538462,0.523500,0.046577
Sulawesi Barat,Prabowo,Gerindra|Golkar|PAN|Demokrat|PSI|Gelora|Garuda,28,0.622222,2,0.500000,0.651400,0.029178
Kepulauan Riau,Prabowo,Gerindra|Golkar|PAN|Demokrat|PSI|Gelora|Garuda,24,0.533333,2,0.500000,0.556400,0.023067
