province,province_raw,party_code,party_name,provincial_seats,source_url,notes
Aceh,Aceh,PA,Partai Aceh,20,https://id.wikipedia.org/wiki/Dewan_Perwakilan_Rakyat_Aceh,elected party seats only
Aceh,Aceh,NasDem,Partai NasDem,10,https://id.wikipedia.org/wiki/Dewan_Perwakilan_Rakyat_Aceh,elected party seats only
Aceh,Aceh,Golkar,Partai Golongan Karya,9,https://id.wikipedia.org/wiki/Dewan_Perwakilan_Rakyat_Aceh,elected party seats only
Aceh,Aceh,PKB,Partai Kebangkitan Bangsa,9,https://id.wikipedia.org/wiki/Dewan_Perwakilan_Rakyat_Aceh,elected party seats only
Aceh,Aceh,Demokrat,Partai Demokrat,7,https://id.wikipedia.org/wiki/Dewan_Perwakilan_Rakyat_Aceh,elected party seats only
Aceh,Aceh,Gerindra,Partai Gerakan Indonesia Raya,5,https://id.wikipedia.org/wiki/Dewan_Perwakilan_Rakyat_Aceh,elected party seats only
Aceh,Aceh,PAN,Partai Amanat Nasional,5,https://id.wikipedia.org/wiki/Dewan_Perwakilan_Rakyat_Aceh,elected party seats only
Aceh,Aceh,PPP,Partai Persatuan Pembangunan,5,https://id.wikipedia.org/wiki/Dewan_Perwakilan_Rakyat_Aceh,elected party seats only
Aceh,Aceh,PASA,PASA,4,https://id.wikipedia.org/wiki/Dewan_Perwakilan_Rakyat_Aceh,elected party seats only
Aceh,Aceh,PKS,Partai Keadilan Sejahtera,4,https://id.wikipedia.org/wiki/Dewan_Perwakilan_Rakyat_Aceh,elected party seats only
Aceh,Aceh,PDA,PDA,1,https://id.wikipedia.org/wiki/Dewan_Perwakilan_Rakyat_Aceh,elected party seats only
Aceh,Aceh,PDIP,Partai Demokrasi Indonesia Perjuangan,1,https://id.wikipedia.org/wiki/Dewan_Perwakilan_Rakyat_Aceh,elected party seats only
Aceh,Aceh,PNA,PNA,1,https://id.wikipedia.org/wiki/Dewan_Perwakilan_Rakyat_Aceh,elected party seats only
Sumatera Utara,Sumatera Utara,Golkar,Partai Golongan Karya,22,https://id.wikipedia.org/wiki/Dewan_Perwakilan_Rakyat_Daerah_Provinsi_Sumatera_Utara,elected party seats only
Sumatera Utara,Sumatera Utara,PDIP,Partai Demokrasi Indonesia Perjuangan,21,https://id.wikipedia.org/wiki/Dewan_Perwakilan_Rakyat_Daerah_Provinsi_Sumatera_Utara,elected party seats only
Sumatera Utara,Sumatera Utara,Gerindra,Partai Gerakan Indonesia Raya,13,https://id.wikipedia.org/wiki/Dewan_Perwakilan_Rakyat_Daerah_Provinsi_Sumatera_Utara,elected party seats only
Sumatera Utara,Sumatera Utara,NasDem,Partai NasDem,12,https://id.wikipedia.org/wiki/Dewan_Perwakilan_Rakyat_Daerah_Provinsi_Sumatera_Utara,elected party seats only
Sumatera Utara,Sumatera Utara,PKS,Partai Keadilan Sejahtera,10,https://id.wikipedia.org/wiki/Dewan_Perwakilan_Rakyat_Daerah_Provinsi_Sumatera_Utara,elected party seats only
Sumatera Utara,Sumatera Utara,PAN,Partai Amanat Nasional,6,https://id.wikipedia.org/wiki/Dewan_Perwakilan_Rakyat_Daerah_Provinsi_Sumatera_Utara,elected party seats only
Sumatera Utara,Sumatera Utara,Demokrat,Partai Demokrat,5,https://id.wikipedia.org/wiki/Dewan_Perwakilan_Rakyat_Daerah_Provinsi_Sumatera_Utara,elected party seats only
Sumatera Utara,Sumatera Utara,Hanura,Partai Hati Nurani Rakyat,5,https://id.wikipedia.org/wiki/Dewan_Perwakilan_Rakyat_Daerah_Provinsi_Sumatera_Utara,elected party seats only
Sumatera Utara,Sumatera Utara,PKB,Partai Kebangkitan Bangsa,4,https://id.wikipedia.org/wiki/Dewan_Perwakilan_Rakyat_Daerah_Provinsi_Sumatera_Utara,elected party seats only
Sumatera Utara,Sumatera Utara,PPP,Partai Persatuan Pembangunan,1,https://id.wikipedia.org/wiki/Dewan_Perwakilan_Rakyat_Daerah_Provinsi_Sumatera_Utara,elected party seats only
Sumatera Utara,Sumatera Utara,Perindo,Partai Perindo,1,https://id.wikipedia.org/wiki/Dewan_Perwakilan_Rakyat_Daerah_Provinsi_Sumatera_Utara,elected party seats only
Sumatera Barat,Sumatera Barat,Gerindra,Partai Gerakan Indonesia Raya,10,https://id.wikipedia.org/wiki/Dewan_Perwakilan_Rakyat_Daerah_Provinsi_Sumatera_Barat,elected party seats only
Sumatera Barat,Sumatera Barat,PKS,Partai Keadilan Sejahtera,10,https://id.wikipedia.org/wiki/Dewan_Perwakilan_Rakyat_Daerah_Provinsi_Sumatera_Barat,elected party seats only
Sumatera Barat,Sumatera Barat,Golkar,Partai Golongan Karya,9,https://id.wikipedia.org/wiki/Dewan_Perwakilan_Rakyat_Daerah_Provinsi_Sumatera_Barat,elected party seats only
Sumatera Barat,Sumatera Barat,NasDem,Partai NasDem,9,https://id.wikipedia.org/wiki/Dewan_Perwakilan_Rakyat_Daerah_Provinsi_Sumatera_Barat,elected party seats only
Sumatera Barat,Sumatera Barat,Demokrat,Partai Demokrat,8,https://id.wikipedia.org/wiki/Dewan_Perwakilan_Rakyat_Daerah_Provinsi_Sumatera_Barat,elected party seats only
Sumatera Barat,Sumatera Barat,PAN,Partai Amanat Nasional,8,https://id.wikipedia.org/wiki/Dewan_Perwakilan_Rakyat_Daerah_Provinsi_Sumatera_Barat,elected party seats only
Sumatera Barat,Sumatera Barat,PPP,Partai Persatuan Pembangunan,5,https://id.wikipedia.org/wiki/Dewan_Perwakilan_Rakyat_Daerah_Provinsi_Sumatera_Barat,elected party seats only
Sumatera Barat,Sumatera Barat,PDIP,Partai Demokrasi Indonesia Perjuangan,3,https://id.wikipedia.org/wiki/Dewan_Perwakilan_Rakyat_Daerah_Provinsi_Sumatera_Barat,elected party seats only
Sumatera Barat,Sumatera Barat,PKB,Partai Kebangkitan Bangsa,3,https://id.wikipedia.org/wiki/Dewan_Perwakilan_Rakyat_Daerah_Provinsi_Sumatera_Barat,elected party seats only
Riau,Riau,PDIP,Partai Demokrasi Indonesia Perjuangan,11,https://id.wikipedia.org/wiki/Dewan_Perwakilan_Rakyat_Daerah_Provinsi_Riau,elected party seats only
Riau,Riau,Golkar,Partai Golongan Karya,10,https://id.wikipedia.org/wiki/Dewan_Perwakilan_Rakyat_Daerah_Provinsi_Riau,elected party seats only
Riau,Riau,PKS,Partai Keadilan Sejahtera,10,https://id.wikipedia.org/wiki/Dewan_Perwakilan_Rakyat_Daerah_Provinsi_Riau,elected party seats only
Riau,Riau,Demokrat,Partai Demokrat,8,https://id.wikipedia.org/wiki/Dewan_Perwakilan_Rakyat_Daerah_Provinsi_Riau,elected party seats only
Riau,Riau,Gerindra,Partai Gerakan Indonesia Raya,8,https://id.wikipedia.org/wiki/Dewan_Perwakilan_Rakyat_Daerah_Provinsi_Riau,elected party seats only
Riau,Riau,NasDem,Partai NasDem,6,https://id.wikipedia.org/wiki/Dewan_Perwakilan_Rakyat_Daerah_Provinsi_Riau,elected party seats only
Riau,Riau,PKB,Partai Kebangkitan Bangsa,6,https://id.wikipedia.org/wiki/Dewan_Perwakilan_Rakyat_Daerah_Provinsi_Riau,elected party seats only
Riau,Riau,PAN,Partai Amanat Nasional,5,https://id.wikipedia.org/wiki/Dewan_Perwakilan_Rakyat_Daerah_Provinsi_Riau,elected party seats only
Riau,Riau,PPP,Partai Persatuan Pembangunan,1,https://id.wikipedia.org/wiki/Dewan_Perwakilan_Rakyat_Daerah_Provinsi_Riau,elected party seats only
Kepulauan Riau,Kepulauan Riau,Gerindra,Partai Gerakan Indonesia Raya,9,https://id.wikipedia.org/wiki/Dewan_Perwakilan_Rakyat_Daerah_Provinsi_Kepulauan_Riau,elected party seats only
Kepulauan Riau,Kepulauan Riau,Golkar,Partai Golongan Karya,9,https://id.wikipedia.org/wiki/Dewan_Perwakilan_Rakyat_Daerah_Provinsi_Kepulauan_Riau,elected party seats only
Kepulauan Riau,Kepulauan Riau,NasDem,Partai NasDem,7,https://id.wikipedia.org/wiki/Dewan_Perwakilan_Rakyat_Daerah_Provinsi_Kepulauan_Riau,elected party seats only
Kepulauan Riau,Kepulauan Riau,PKS,Partai Keadilan Sejahtera,6,https://id.wikipedia.org/wiki/Dewan_Perwakilan_Rakyat_Daerah_Provinsi_Kepulauan_Riau,elected party seats only
Kepulauan Riau,Kepulauan Riau,PDIP,Partai Demokrasi Indonesia Perjuangan,4,https://id.wikipedia.org/wiki/Dewan_Perwakilan_Rakyat_Daerah_Provinsi_Kepulauan_Riau,elected party seats only
Kepulauan Riau,Kepulauan Riau,Demokrat,Partai Demokrat,3,https://id.wikipedia.org/wiki/Dewan_Perwakilan_Rakyat_Daerah_Provinsi_Kepulauan_Riau,elected party seats only
Kepulauan Riau,Kepulauan Riau,PAN,Partai Amanat Nasional,2,https://id.wikipedia.org/wiki/Dewan_Perwakilan_Rakyat_Daerah_Provinsi_Kepulauan_Riau,elected party seats only
Kepulauan Riau,Kepulauan Riau,PKB,Partai Kebangkitan Bangsa,2,https://id.wikipedia.org/wiki/Dewan_Perwakilan_Rakyat_Daerah_Provinsi_Kepulauan_Riau,elected party seats only
Kepulauan Riau,Kepulauan Riau,Hanura,Partai Hati Nurani Rakyat,1,https://id.wikipedia.org/wiki/Dewan_Perwakilan_Rakyat_Daerah_Provinsi_Kepulauan_Riau,elected party seats only
Kepulauan Riau,Kepulauan Riau,PSI,Partai Solidaritas Indonesia,1,https://id.wikipedia.org/wiki/Dewan_Perwakilan_Rakyat_Daerah_Provinsi_Kepulauan_Riau,elected party seats only
Kepulauan Riau,Kepulauan Riau,Perindo,Partai Perindo,1,https://id.wikipedia.org/wiki/Dewan_Perwakilan_Rakyat_Daerah_Provinsi_Kepulauan_Riau,elected party seats only
Bengkulu,Bengkulu,Golkar,Partai Golongan Karya,10,https://id.wikipedia.org/wiki/Dewan_Perwakilan_Rakyat_Daerah_Provinsi_Bengkulu,elected party seats only
Bengkulu,Bengkulu,Gerindra,Partai Gerakan Indonesia Raya,6,https://id.wikipedia.org/wiki/Dewan_Perwakilan_Rakyat_Daerah_Provinsi_Bengkulu,elected party seats only
Bengkulu,Bengkulu,PAN,Partai Amanat Nasional,6,https://id.wikipedia.org/wiki/Dewan_Perwakilan_Rakyat_Daerah_Provinsi_Bengkulu,elected party seats only
Bengkulu,Bengkulu,PDIP,Partai Demokrasi Indonesia Perjuangan,6,https://id.wikipedia.org/wiki/Dewan_Perwakilan_Rakyat_Daerah_Provinsi_Bengkulu,elected party seats only
Bengkulu,Bengkulu,Demokrat,Partai Demokrat,4,https://id.wikipedia.org/wiki/Dewan_Perwakilan_Rakyat_Daerah_Provinsi_Bengkulu,elected party seats only
Bengkulu,Bengkulu,NasDem,Partai NasDem,4,https://id.wikipedia.org/wiki/Dewan_Perwakilan_Rakyat_Daerah_Provinsi_Bengkulu,elected party seats only
Bengkulu,Bengkulu,Hanura,Partai Hati Nurani Rakyat,3,https://id.wikipedia.org/wiki/Dewan_Perwakilan_Rakyat_Daerah_Provinsi_Bengkulu,elected party seats only
Bengkulu,Bengkulu,PKB,Partai Kebangkitan Bangsa,3,https://id.wikipedia.org/wiki/Dewan_Perwakilan_Rakyat_Daerah_Provinsi_Bengkulu,elected party seats only
Bengkulu,Bengkulu,PKS,Partai Keadilan Sejahtera,2,https://id.wikipedia.org/wiki/Dewan_Perwakilan_Rakyat_Daerah_Provinsi_Bengkulu,elected party seats only
Bengkulu,Bengkulu,PPP,Partai Persatuan Pembangunan,1,https://id.wikipedia.org/wiki/Dewan_Perwakilan_Rakyat_Daerah_Provinsi_Bengkulu,elected party seats only
Jambi,Jambi,PAN,Partai Amanat Nasional,10,https://id.wikipedia.org/wiki/Dewan_Perwakilan_Rakyat_Daerah_Provinsi_Jambi,elected party seats only
Jambi,Jambi,Golkar,Partai Golongan Karya,7,https://id.wikipedia.org/wiki/Dewan_Perwakilan_Rakyat_Daerah_Provinsi_Jambi,elected party seats only
Jambi,Jambi,Gerindra,Partai Gerakan Indonesia Raya,6,https://id.wikipedia.org/wiki/Dewan_Perwakilan_Rakyat_Daerah_Provinsi_Jambi,elected party seats only
Jambi,Jambi,PDIP,Partai Demokrasi Indonesia Perjuangan,6,https://id.wikipedia.org/wiki/Dewan_Perwakilan_Rakyat_Daerah_Provinsi_Jambi,elected party seats only
Jambi,Jambi,PKB,Partai Kebangkitan Bangsa,6,https://id.wikipedia.org/wiki/Dewan_Perwakilan_Rakyat_Daerah_Provinsi_Jambi,elected party seats only
Jambi,Jambi,Demokrat,Partai Demokrat,5,https://id.wikipedia.org/wiki/Dewan_Perwakilan_Rakyat_Daerah_Provinsi_Jambi,elected party seats only
Jambi,Jambi,NasDem,Partai NasDem,5,https://id.wikipedia.org/wiki/Dewan_Perwakilan_Rakyat_Daerah_Provinsi_Jambi,elected party seats only
Jambi,Jambi,PKS,Partai Keadilan Sejahtera,5,https://id.wikipedia.org/wiki/Dewan_Perwakilan_Rakyat_Daerah_Provinsi_Jambi,elected party seats only
Jambi,Jambi,PPP,Partai Persatuan Pembangunan,5,https://id.wikipedia.org/wiki/Dewan_Perwakilan_Rakyat_Daerah_Provinsi_Jambi,elected party seats only
Sumatera Selatan,Sumatera Selatan,Golkar,Partai Golongan Karya,12,https://id.wikipedia.org/wiki/Dewan_Perwakilan_Rakyat_Daerah_Provinsi_Sumatera_Selatan,elected party seats only
Sumatera Selatan,Sumatera Selatan,Gerindra,Partai Gerakan Indonesia Raya,11,https://id.wikipedia.org/wiki/Dewan_Perwakilan_Rakyat_Daerah_Provinsi_Sumatera_Selatan,elected party seats only
Sumatera Selatan,Sumatera Selatan,NasDem,Partai NasDem,10,https://id.wikipedia.org/wiki/Dewan_Perwakilan_Rakyat_Daerah_Provinsi_Sumatera_Selatan,elected party seats only
Sumatera Selatan,Sumatera Selatan,PDIP,Partai Demokrasi Indonesia Perjuangan,9,https://id.wikipedia.org/wiki/Dewan_Perwakilan_Rakyat_Daerah_Provinsi_Sumatera_Selatan,elected party seats only
Sumatera Selatan,Sumatera Selatan,Demokrat,Partai Demokrat,8,https://id.wikipedia.org/wiki/Dewan_Perwakilan_Rakyat_Daerah_Provinsi_Sumatera_Selatan,elected party seats only
Sumatera Selatan,Sumatera Selatan,PKB,Partai Kebangkitan Bangsa,7,https://id.wikipedia.org/wiki/Dewan_Perwakilan_Rakyat_Daerah_Provinsi_Sumatera_Selatan,elected party seats only
Sumatera Selatan,Sumatera Selatan,PKS,Partai Keadilan Sejahtera,7,https://id.wikipedia.org/wiki/Dewan_Perwakilan_Rakyat_Daerah_Provinsi_Sumatera_Selatan,elected party seats only
Sumatera Selatan,Sumatera Selatan,PAN,Partai Amanat Nasional,6,https://id.wikipedia.org/wiki/Dewan_Perwakilan_Rakyat_Daerah_Provinsi_Sumatera_Selatan,elected party seats only
Sumatera Selatan,Sumatera Selatan,PPP,Partai Persatuan Pembangunan,2,https://id.wikipedia.org/wiki/Dewan_Perwakilan_Rakyat_Daerah_Provinsi_Sumatera_Selatan,elected party seats only
Sumatera Selatan,Sumatera Selatan,Hanura,Partai Hati Nurani Rakyat,1,https://id.wikipedia.org/wiki/Dewan_Perwakilan_Rakyat_Daerah_Provinsi_Sumatera_Selatan,elected party seats only
Sumatera Selatan,Sumatera Selatan,PKN,Partai Kebangkitan Nusantara,1,https://id.wikipedia.org/wiki/Dewan_Perwakilan_Rakyat_Daerah_Provinsi_Sumatera_Selatan,elected party seats only
Sumatera Selatan,Sumatera Selatan,Perindo,Partai Perindo,1,https://id.wikipedia.org/wiki/Dewan_Perwakilan_Rakyat_Daerah_Provinsi_Sumatera_Selatan,elected party seats only
Kepulauan Bangka Belitung,Kepulauan Bangka Belitung,PDIP,Partai Demokrasi Indonesia Perjuangan,9,https://id.wikipedia.org/wiki/Dewan_Perwakilan_Rakyat_Daerah_Provinsi_Kepulauan_Bangka_Belitung,elected party seats only
Kepulauan Bangka Belitung,Kepulauan Bangka Belitung,Golkar,Partai Golongan Karya,8,https://id.wikipedia.org/wiki/Dewan_Perwakilan_Rakyat_Daerah_Provinsi_Kepulauan_Bangka_Belitung,elected party seats only
Kepulauan Bangka Belitung,Kepulauan Bangka Belitung,Gerindra,Partai Gerakan Indonesia Raya,7,https://id.wikipedia.org/wiki/Dewan_Perwakilan_Rakyat_Daerah_Provinsi_Kepulauan_Bangka_Belitung,elected party seats only
Kepulauan Bangka Belitung,Kepulauan Bangka Belitung,NasDem,Partai NasDem,6,https://id.wikipedia.org/wiki/Dewan_Perwakilan_Rakyat_Daerah_Provinsi_Kepulauan_Bangka_Belitung,elected party seats only
Kepulauan Bangka Belitung,Kepulauan Bangka Belitung,PKS,Partai Keadilan Sejahtera,6,https://id.wikipedia.org/wiki/Dewan_Perwakilan_Rakyat_Daerah_Provinsi_Kepulauan_Bangka_Belitung,elected party seats only
Kepulauan Bangka Belitung,Kepulauan Bangka Belitung,Demokrat,Partai Demokrat,3,https://id.wikipedia.org/wiki/Dewan_Perwakilan_Rakyat_Daerah_Provinsi_Kepulauan_Bangka_Belitung,elected party seats only
Kepulauan Bangka Belitung,Kepulauan Bangka Belitung,PPP,Partai Persatuan Pembangunan,3,https://id.wikipedia.org/wiki/Dewan_Perwakilan_Rakyat_Daerah_Provinsi_Kepulauan_Bangka_Belitung,elected party seats only
Kepulauan Bangka Belitung,Kepulauan Bangka Belitung,PKB,Partai Kebangkitan Bangsa,2,https://id.wikipedia.org/wiki/Dewan_Perwakilan_Rakyat_Daerah_Provinsi_Kepulauan_Bangka_Belitung,elected party seats only
Kepulauan Bangka Belitung,Kepulauan Bangka Belitung,PBB,Partai Bulan Bintang,1,https://id.wikipedia.org/wiki/Dewan_Perwakilan_Rakyat_Daerah_Provinsi_Kepulauan_Bangka_Belitung,elected party seats only
Lampung,Lampung,Gerindra,Partai Gerakan Indonesia Raya,16,https://id.wikipedia.org/wiki/Dewan_Perwakilan_Rakyat_Daerah_Provinsi_Lampung,elected party seats only
Lampung,Lampung,PDIP,Partai Demokrasi Indonesia Perjuangan,13,https://id.wikipedia.org/wiki/Dewan_Perwakilan_Rakyat_Daerah_Provinsi_Lampung,elected party seats only
Lampung,Lampung,Golkar,Partai Golongan Karya,11,https://id.wikipedia.org/wiki/Dewan_Perwakilan_Rakyat_Daerah_Provinsi_Lampung,elected party seats only
Lampung,Lampung,PKB,Partai Kebangkitan Bangsa,11,https://id.wikipedia.org/wiki/Dewan_Perwakilan_Rakyat_Daerah_Provinsi_Lampung,elected party seats only
Lampung,Lampung,NasDem,Partai NasDem,10,https://id.wikipedia.org/wiki/Dewan_Perwakilan_Rakyat_Daerah_Provinsi_Lampung,elected party seats only
Lampung,Lampung,Demokrat,Partai Demokrat,9,https://id.wikipedia.org/wiki/Dewan_Perwakilan_Rakyat_Daerah_Provinsi_Lampung,elected party seats only
Lampung,Lampung,PAN,Partai Amanat Nasional,8,https://id.wikipedia.org/wiki/Dewan_Perwakilan_Rakyat_Daerah_Provinsi_Lampung,elected party seats only
Lampung,Lampung,PKS,Partai Keadilan Sejahtera,7,https://id.wikipedia.org/wiki/Dewan_Perwakilan_Rakyat_Daerah_Provinsi_Lampung,elected party seats only
Banten,Banten,Gerindra,Partai Gerakan Indonesia Raya,14,https://id.wikipedia.org/wiki/Dewan_Perwakilan_Rakyat_Daerah_Provinsi_Banten,elected party seats only
Banten,Banten,Golkar,Partai Golongan Karya,14,https://id.wikipedia.org/wiki/Dewan_Perwakilan_Rakyat_Daerah_Provinsi_Banten,elected party seats only
Banten,Banten,PDIP,Partai Demokrasi Indonesia Perjuangan,14,https://id.wikipedia.org/wiki/Dewan_Perwakilan_Rakyat_Daerah_Provinsi_Banten,elected party seats only
Banten,Banten,PKS,Partai Keadilan Sejahtera,13,https://id.wikipedia.org/wiki/Dewan_Perwakilan_Rakyat_Daerah_Provinsi_Banten,elected party seats only
Banten,Banten,Demokrat,Partai Demokrat,11,https://id.wikipedia.org/wiki/Dewan_Perwakilan_Rakyat_Daerah_Provinsi_Banten,elected party seats only
Banten,Banten,NasDem,Partai NasDem,10,https://id.wikipedia.org/wiki/Dewan_Perwakilan_Rakyat_Daerah_Provinsi_Banten,elected party seats only
Banten,Banten,PKB,Partai Kebangkitan Bangsa,10,https://id.wikipedia.org/wiki/Dewan_Perwakilan_Rakyat_Daerah_Provinsi_Banten,elected party seats only
Banten,Banten,PAN,Partai Amanat Nasional,7,https://id.wikipedia.org/wiki/Dewan_Perwakilan_Rakyat_Daerah_Provinsi_Banten,elected party seats only
Banten,Banten,PPP,Partai Persatuan Pembangunan,4,https://id.wikipedia.org/wiki/Dewan_Perwakilan_Rakyat_Daerah_Provinsi_Banten,elected party seats only
Banten,Banten,PSI,Partai Solidaritas Indonesia,3,https://id.wikipedia.org/wiki/Dewan_Perwakilan_Rakyat_Daerah_Provinsi_Banten,elected party seats only
DKI Jakarta,DK Jakarta,PKS,Partai Keadilan Sejahtera,18,https://id.wikipedia.org/wiki/Dewan_Perwakilan_Rakyat_Daerah_Provinsi_Daerah_Khusus_Jakarta,elected party seats only
DKI Jakarta,DK Jakarta,PDIP,Partai Demokrasi Indonesia Perjuangan,15,https://id.wikipedia.org/wiki/Dewan_Perwakilan_Rakyat_Daerah_Provinsi_Daerah_Khusus_Jakarta,elected party seats only
DKI Jakarta,DK Jakarta,Gerindra,Partai Gerakan Indonesia Raya,14,https://id.wikipedia.org/wiki/Dewan_Perwakilan_Rakyat_Daerah_Provinsi_Daerah_Khusus_Jakarta,elected party seats only
DKI Jakarta,DK Jakarta,Golkar,Partai Golongan Karya,10,https://id.wikipedia.org/wiki/Dewan_Perwakilan_Rakyat_Daerah_Provinsi_Daerah_Khusus_Jakarta,elected party seats only
DKI Jakarta,DK Jakarta,NasDem,Partai NasDem,10,https://id.wikipedia.org/wiki/Dewan_Perwakilan_Rakyat_Daerah_Provinsi_Daerah_Khusus_Jakarta,elected party seats only
DKI Jakarta,DK Jakarta,PAN,Partai Amanat Nasional,10,https://id.wikipedia.org/wiki/Dewan_Perwakilan_Rakyat_Daerah_Provinsi_Daerah_Khusus_Jakarta,elected party seats only
DKI Jakarta,DK Jakarta,PKB,Partai Kebangkitan Bangsa,10,https://id.wikipedia.org/wiki/Dewan_Perwakilan_Rakyat_Daerah_Provinsi_Daerah_Khusus_Jakarta,elected party seats only
DKI Jakarta,DK Jakarta,Demokrat,Partai Demokrat,9,https://id.wikipedia.org/wiki/Dewan_Perwakilan_Rakyat_Daerah_Provinsi_Daerah_Khusus_Jakarta,elected party seats only
DKI Jakarta,DK Jakarta,PSI,Partai Solidaritas Indonesia,8,https://id.wikipedia.org/wiki/Dewan_Perwakilan_Rakyat_Daerah_Provinsi_Daerah_Khusus_Jakarta,elected party seats only
DKI Jakarta,DK Jakarta,PPP,Partai Persatuan Pembangunan,1,https://id.wikipedia.org/wiki/Dewan_Perwakilan_Rakyat_Daerah_Provinsi_Daerah_Khusus_Jakarta,elected party seats only
DKI Jakarta,DK Jakarta,Perindo,Partai Perindo,1,https://id.wikipedia.org/wiki/Dewan_Perwakilan_Rakyat_Daerah_Provinsi_Daerah_Khusus_Jakarta,elected party seats only
Jawa Barat,Jawa Barat,Gerindra,Partai Gerakan Indonesia Raya,20,https://id.wikipedia.org/wiki/Dewan_Perwakilan_Rakyat_Daerah_Provinsi_Jawa_Barat,elected party seats only
Jawa Barat,Jawa Barat,Golkar,Partai Golongan Karya,19,https://id.wikipedia.org/wiki/Dewan_Perwakilan_Rakyat_Daerah_Provinsi_Jawa_Barat,elected party seats only
Jawa Barat,Jawa Barat,PKS,Partai Keadilan Sejahtera,19,https://id.wikipedia.org/wiki/Dewan_Perwakilan_Rakyat_Daerah_Provinsi_Jawa_Barat,elected party seats only
Jawa Barat,Jawa Barat,PDIP,Partai Demokrasi Indonesia Perjuangan,17,https://id.wikipedia.org/wiki/Dewan_Perwakilan_Rakyat_Daerah_Provinsi_Jawa_Barat,elected party seats only
Jawa Barat,Jawa Barat,PKB,Partai Kebangkitan Bangsa,15,https://id.wikipedia.org/wiki/Dewan_Perwakilan_Rakyat_Daerah_Provinsi_Jawa_Barat,elected party seats only
Jawa Barat,Jawa Barat,Demokrat,Partai Demokrat,8,https://id.wikipedia.org/wiki/Dewan_Perwakilan_Rakyat_Daerah_Provinsi_Jawa_Barat,elected party seats only
Jawa Barat,Jawa Barat,NasDem,Partai NasDem,8,https://id.wikipedia.org/wiki/Dewan_Perwakilan_Rakyat_Daerah_Provinsi_Jawa_Barat,elected party seats only
Jawa Barat,Jawa Barat,PAN,Partai Amanat Nasional,7,https://id.wikipedia.org/wiki/Dewan_Perwakilan_Rakyat_Daerah_Provinsi_Jawa_Barat,elected party seats only
Jawa Barat,Jawa Barat,PPP,Partai Persatuan Pembangunan,6,https://id.wikipedia.org/wiki/Dewan_Perwakilan_Rakyat_Daerah_Provinsi_Jawa_Barat,elected party seats only
Jawa Barat,Jawa Barat,PSI,Partai Solidaritas Indonesia,1,https://id.wikipedia.org/wiki/Dewan_Perwakilan_Rakyat_Daerah_Provinsi_Jawa_Barat,elected party seats only
Jawa Tengah,Jawa Tengah,PDIP,Partai Demokrasi Indonesia Perjuangan,33,https://id.wikipedia.org/wiki/Dewan_Perwakilan_Rakyat_Daerah_Provinsi_Jawa_Tengah,elected party seats only
Jawa Tengah,Jawa Tengah,PKB,Partai Kebangkitan Bangsa,20,https://id.wikipedia.org/wiki/Dewan_Perwakilan_Rakyat_Daerah_Provinsi_Jawa_Tengah,elected party seats only
Jawa Tengah,Jawa Tengah,Gerindra,Partai Gerakan Indonesia Raya,17,https://id.wikipedia.org/wiki/Dewan_Perwakilan_Rakyat_Daerah_Provinsi_Jawa_Tengah,elected party seats only
Jawa Tengah,Jawa Tengah,Golkar,Partai Golongan Karya,17,https://id.wikipedia.org/wiki/Dewan_Perwakilan_Rakyat_Daerah_Provinsi_Jawa_Tengah,elected party seats only
Jawa Tengah,Jawa Tengah,PKS,Partai Keadilan Sejahtera,11,https://id.wikipedia.org/wiki/Dewan_Perwakilan_Rakyat_Daerah_Provinsi_Jawa_Tengah,elected party seats only
Jawa Tengah,Jawa Tengah,Demokrat,Partai Demokrat,7,https://id.wikipedia.org/wiki/Dewan_Perwakilan_Rakyat_Daerah_Provinsi_Jawa_Tengah,elected party seats only
Jawa Tengah,Jawa Tengah,PPP,Partai Persatuan Pembangunan,6,https://id.wikipedia.org/wiki/Dewan_Perwakilan_Rakyat_Daerah_Provinsi_Jawa_Tengah,elected party seats only
Jawa Tengah,Jawa Tengah,PAN,Partai Amanat Nasional,4,https://id.wikipedia.org/wiki/Dewan_Perwakilan_Rakyat_Daerah_Provinsi_Jawa_Tengah,elected party seats only
Jawa Tengah,Jawa Tengah,NasDem,Partai NasDem,3,https://id.wikipedia.org/wiki/Dewan_Perwakilan_Rakyat_Daerah_Provinsi_Jawa_Tengah,elected party seats only
Jawa Tengah,Jawa Tengah,PSI,Partai Solidaritas Indonesia,2,https://id.wikipedia.org/wiki/Dewan_Perwakilan_Rakyat_Daerah_Provinsi_Jawa_Tengah,elected party seats only
Daerah Istimewa Yogyakarta,DI Yogyakarta,PDIP,Partai Demokrasi Indonesia Perjuangan,19,https://id.wikipedia.org/wiki/Dewan_Perwakilan_Rakyat_Daerah_Daerah_Istimewa_Yogyakarta,elected party seats only
Daerah Istimewa Yogyakarta,DI Yogyakarta,Gerindra,Partai Gerakan Indonesia Raya,8,https://id.wikipedia.org/wiki/Dewan_Perwakilan_Rakyat_Daerah_Daerah_Istimewa_Yogyakarta,elected party seats only
Daerah Istimewa Yogyakarta,DI Yogyakarta,PKS,Partai Keadilan Sejahtera,7,https://id.wikipedia.org/wiki/Dewan_Perwakilan_Rakyat_Daerah_Daerah_Istimewa_Yogyakarta,elected party seats only
Daerah Istimewa Yogyakarta,DI Yogyakarta,Golkar,Partai Golongan Karya,6,https://id.wikipedia.org/wiki/Dewan_Perwakilan_Rakyat_Daerah_Daerah_Istimewa_Yogyakarta,elected party seats only
Daerah Istimewa Yogyakarta,DI Yogyakarta,PKB,Partai Kebangkitan Bangsa,6,https://id.wikipedia.org/wiki/Dewan_Perwakilan_Rakyat_Daerah_Daerah_Istimewa_Yogyakarta,elected party seats only
Daerah Istimewa Yogyakarta,DI Yogyakarta,PAN,Partai Amanat Nasional,5,https://id.wikipedia.org/wiki/Dewan_Perwakilan_Rakyat_Daerah_Daerah_Istimewa_Yogyakarta,elected party seats only
Daerah Istimewa Yogyakarta,DI Yogyakarta,NasDem,Partai NasDem,2,https://id.wikipedia.org/wiki/Dewan_Perwakilan_Rakyat_Daerah_Daerah_Istimewa_Yogyakarta,elected party seats only
Daerah Istimewa Yogyakarta,DI Yogyakarta,PPP,Partai Persatuan Pembangunan,1,https://id.wikipedia.org/wiki/Dewan_Perwakilan_Rakyat_Daerah_Daerah_Istimewa_Yogyakarta,elected party seats only
Daerah Istimewa Yogyakarta,DI Yogyakarta,PSI,Partai Solidaritas Indonesia,1,https://id.wikipedia.org/wiki/Dewan_Perwakilan_Rakyat_Daerah_Daerah_Istimewa_Yogyakarta,elected party seats only
Jawa Timur,Jawa Timur,PKB,Partai Kebangkitan Bangsa,27,https://id.wikipedia.org/wiki/Dewan_Perwakilan_Rakyat_Daerah_Provinsi_Jawa_Timur,elected party seats only
Jawa Timur,Jawa Timur,Gerindra,Partai Gerakan Indonesia Raya,21,https://id.wikipedia.org/wiki/Dewan_Perwakilan_Rakyat_Daerah_Provinsi_Jawa_Timur,elected party seats only
Jawa Timur,Jawa Timur,PDIP,Partai Demokrasi Indonesia Perjuangan,21,https://id.wikipedia.org/wiki/Dewan_Perwakilan_Rakyat_Daerah_Provinsi_Jawa_Timur,elected party seats only
Jawa Timur,Jawa Timur,Golkar,Partai Golongan Karya,15,https://id.wikipedia.org/wiki/Dewan_Perwakilan_Rakyat_Daerah_Provinsi_Jawa_Timur,elected party seats only
Jawa Timur,Jawa Timur,Demokrat,Partai Demokrat,11,https://id.wikipedia.org/wiki/Dewan_Perwakilan_Rakyat_Daerah_Provinsi_Jawa_Timur,elected party seats only
Jawa Timur,Jawa Timur,NasDem,Partai NasDem,10,https://id.wikipedia.org/wiki/Dewan_Perwakilan_Rakyat_Daerah_Provinsi_Jawa_Timur,elected party seats only
Jawa Timur,Jawa Timur,PAN,Partai Amanat Nasional,5,https://id.wikipedia.org/wiki/Dewan_Perwakilan_Rakyat_Daerah_Provinsi_Jawa_Timur,elected party seats only
Jawa Timur,Jawa Timur,PKS,Partai Keadilan Sejahtera,5,https://id.wikipedia.org/wiki/Dewan_Perwakilan_Rakyat_Daerah_Provinsi_Jawa_Timur,elected party seats only
Jawa Timur,Jawa Timur,PPP,Partai Persatuan Pembangunan,4,https://id.wikipedia.org/wiki/Dewan_Perwakilan_Rakyat_Daerah_Provinsi_Jawa_Timur,elected party seats only
Jawa Timur,Jawa Timur,PSI,Partai Solidaritas Indonesia,1,https://id.wikipedia.org/wiki/Dewan_Perwakilan_Rakyat_Daerah_Provinsi_Jawa_Timur,elected party seats only
Bali,Bali,PDIP,Partai Demokrasi Indonesia Perjuangan,32,https://id.wikipedia.org/wiki/Dewan_Perwakilan_Rakyat_Daerah_Provinsi_Bali,elected party seats only
Bali,Bali,Gerindra,Partai Gerakan Indonesia Raya,10,https://id.wikipedia.org/wiki/Dewan_Perwakilan_Rakyat_Daerah_Provinsi_Bali,elected party seats only
Bali,Bali,Golkar,Partai Golongan Karya,7,https://id.wikipedia.org/wiki/Dewan_Perwakilan_Rakyat_Daerah_Provinsi_Bali,elected party seats only
Bali,Bali,Demokrat,Partai Demokrat,3,https://id.wikipedia.org/wiki/Dewan_Perwakilan_Rakyat_Daerah_Provinsi_Bali,elected party seats only
Bali,Bali,NasDem,Partai NasDem,2,https://id.wikipedia.org/wiki/Dewan_Perwakilan_Rakyat_Daerah_Provinsi_Bali,elected party seats only
Bali,Bali,PSI,Partai Solidaritas Indonesia,1,https://id.wikipedia.org/wiki/Dewan_Perwakilan_Rakyat_Daerah_Provinsi_Bali,elected party seats only
Nusa Tenggara Barat,Nusa Tenggara Barat,Gerindra,Partai Gerakan Indonesia Raya,10,https://id.wikipedia.org/wiki/Dewan_Perwakilan_Rakyat_Daerah_Provinsi_Nusa_Tenggara_Barat,elected party seats only
Nusa Tenggara Barat,Nusa Tenggara Barat,Golkar,Partai Golongan Karya,10,https://id.wikipedia.org/wiki/Dewan_Perwakilan_Rakyat_Daerah_Provinsi_Nusa_Tenggara_Barat,elected party seats only
Nusa Tenggara Barat,Nusa Tenggara Barat,PKS,Partai Keadilan Sejahtera,8,https://id.wikipedia.org/wiki/Dewan_Perwakilan_Rakyat_Daerah_Provinsi_Nusa_Tenggara_Barat,elected party seats only
Nusa Tenggara Barat,Nusa Tenggara Barat,PPP,Partai Persatuan Pembangunan,7,https://id.wikipedia.org/wiki/Dewan_Perwakilan_Rakyat_Daerah_Provinsi_Nusa_Tenggara_Barat,elected party seats only
Nusa Tenggara Barat,Nusa Tenggara Barat,Demokrat,Partai Demokrat,6,https://id.wikipedia.org/wiki/Dewan_Perwakilan_Rakyat_Daerah_Provinsi_Nusa_Tenggara_Barat,elected party seats only
Nusa Tenggara Barat,Nusa Tenggara Barat,PKB,Partai Kebangkitan Bangsa,6,https://id.wikipedia.org/wiki/Dewan_Perwakilan_Rakyat_Daerah_Provinsi_Nusa_Tenggara_Barat,elected party seats only
Nusa Tenggara Barat,Nusa Tenggara Barat,NasDem,Partai NasDem,4,https://id.wikipedia.org/wiki/Dewan_Perwakilan_Rakyat_Daerah_Provinsi_Nusa_Tenggara_Barat,elected party seats only
Nusa Tenggara Barat,Nusa Tenggara Barat,PAN,Partai Amanat Nasional,4,https://id.wikipedia.org/wiki/Dewan_Perwakilan_Rakyat_Daerah_Provinsi_Nusa_Tenggara_Barat,elected party seats only
Nusa Tenggara Barat,Nusa Tenggara Barat,PDIP,Partai Demokrasi Indonesia Perjuangan,4,https://id.wikipedia.org/wiki/Dewan_Perwakilan_Rakyat_Daerah_Provinsi_Nusa_Tenggara_Barat,elected party seats only
Nusa Tenggara Barat,Nusa Tenggara Barat,Perindo,Partai Perindo,3,https://id.wikipedia.org/wiki/Dewan_Perwakilan_Rakyat_Daerah_Provinsi_Nusa_Tenggara_Barat,elected party seats only
Nusa Tenggara Barat,Nusa Tenggara Barat,PBB,Partai Bulan Bintang,2,https://id.wikipedia.org/wiki/Dewan_Perwakilan_Rakyat_Daerah_Provinsi_Nusa_Tenggara_Barat,elected party seats only
Nusa Tenggara Barat,Nusa Tenggara Barat,Hanura,Partai Hati Nurani Rakyat,1,https://id.wikipedia.org/wiki/Dewan_Perwakilan_Rakyat_Daerah_Provinsi_Nusa_Tenggara_Barat,elected party seats only
Nusa Tenggara Timur,Nusa Tenggara Timur,Gerindra,Partai Gerakan Indonesia Raya,9,https://id.wikipedia.org/wiki/Dewan_Perwakilan_Rakyat_Daerah_Provinsi_Nusa_Tenggara_Timur,elected party seats only
Nusa Tenggara Timur,Nusa Tenggara Timur,Golkar,Partai Golongan Karya,9,https://id.wikipedia.org/wiki/Dewan_Perwakilan_Rakyat_Daerah_Provinsi_Nusa_Tenggara_Timur,elected party seats only
Nusa Tenggara Timur,Nusa Tenggara Timur,PDIP,Partai Demokrasi Indonesia Perjuangan,9,https://id.wikipedia.org/wiki/Dewan_Perwakilan_Rakyat_Daerah_Provinsi_Nusa_Tenggara_Timur,elected party seats only
Nusa Tenggara Timur,Nusa Tenggara Timur,NasDem,Partai NasDem,8,https://id.wikipedia.org/wiki/Dewan_Perwakilan_Rakyat_Daerah_Provinsi_Nusa_Tenggara_Timur,elected party seats only
Nusa Tenggara Timur,Nusa Tenggara Timur,Demokrat,Partai Demokrat,7,https://id.wikipedia.org/wiki/Dewan_Perwakilan_Rakyat_Daerah_Provinsi_Nusa_Tenggara_Timur,elected party seats only
Nusa Tenggara Timur,Nusa Tenggara Timur,PKB,Partai Kebangkitan Bangsa,7,https://id.wikipedia.org/wiki/Dewan_Perwakilan_Rakyat_Daerah_Provinsi_Nusa_Tenggara_Timur,elected party seats only
Nusa Tenggara Timur,Nusa Tenggara Timur,PSI,Partai Solidaritas Indonesia,6,https://id.wikipedia.org/wiki/Dewan_Perwakilan_Rakyat_Daerah_Provinsi_Nusa_Tenggara_Timur,elected party seats only
Nusa Tenggara Timur,Nusa Tenggara Timur,Hanura,Partai Hati Nurani Rakyat,4,https://id.wikipedia.org/wiki/Dewan_Perwakilan_Rakyat_Daerah_Provinsi_Nusa_Tenggara_Timur,elected party seats only
Nusa Tenggara Timur,Nusa Tenggara Timur,PAN,Partai Amanat Nasional,4,https://id.wikipedia.org/wiki/Dewan_Perwakilan_Rakyat_Daerah_Provinsi_Nusa_Tenggara_Timur,elected party seats only
Nusa Tenggara Timur,Nusa Tenggara Timur,PKS,Partai Keadilan Sejahtera,1,https://id.wikipedia.org/wiki/Dewan_Perwakilan_Rakyat_Daerah_Provinsi_Nusa_Tenggara_Timur,elected party seats only
Nusa Tenggara Timur,Nusa Tenggara Timur,Perindo,Partai Perindo,1,https://id.wikipedia.org/wiki/Dewan_Perwakilan_Rakyat_Daerah_Provinsi_Nusa_Tenggara_Timur,elected party seats only
Kalimantan Barat,Kalimantan Barat,PDIP,Partai Demokrasi Indonesia Perjuangan,13,https://id.wikipedia.org/wiki/Dewan_Perwakilan_Rakyat_Daerah_Provinsi_Kalimantan_Barat,elected party seats only
Kalimantan Barat,Kalimantan Barat,NasDem,Partai NasDem,10,https://id.wikipedia.org/wiki/Dewan_Perwakilan_Rakyat_Daerah_Provinsi_Kalimantan_Barat,elected party seats only
Kalimantan Barat,Kalimantan Barat,Gerindra,Partai Gerakan Indonesia Raya,9,https://id.wikipedia.org/wiki/Dewan_Perwakilan_Rakyat_Daerah_Provinsi_Kalimantan_Barat,elected party seats only
Kalimantan Barat,Kalimantan Barat,Golkar,Partai Golongan Karya,9,https://id.wikipedia.org/wiki/Dewan_Perwakilan_Rakyat_Daerah_Provinsi_Kalimantan_Barat,elected party seats only
Kalimantan Barat,Kalimantan Barat,Demokrat,Partai Demokrat,6,https://id.wikipedia.org/wiki/Dewan_Perwakilan_Rakyat_Daerah_Provinsi_Kalimantan_Barat,elected party seats only
Kalimantan Barat,Kalimantan Barat,PAN,Partai Amanat Nasional,5,https://id.wikipedia.org/wiki/Dewan_Perwakilan_Rakyat_Daerah_Provinsi_Kalimantan_Barat,elected party seats only
Kalimantan Barat,Kalimantan Barat,PKB,Partai Kebangkitan Bangsa,5,https://id.wikipedia.org/wiki/Dewan_Perwakilan_Rakyat_Daerah_Provinsi_Kalimantan_Barat,elected party seats only
Kalimantan Barat,Kalimantan Barat,Hanura,Partai Hati Nurani Rakyat,4,https://id.wikipedia.org/wiki/Dewan_Perwakilan_Rakyat_Daerah_Provinsi_Kalimantan_Barat,elected party seats only
Kalimantan Barat,Kalimantan Barat,PKS,Partai Keadilan Sejahtera,2,https://id.wikipedia.org/wiki/Dewan_Perwakilan_Rakyat_Daerah_Provinsi_Kalimantan_Barat,elected party seats only
Kalimantan Barat,Kalimantan Barat,PPP,Partai Persatuan Pembangunan,2,https://id.wikipedia.org/wiki/Dewan_Perwakilan_Rakyat_Daerah_Provinsi_Kalimantan_Barat,elected party seats only
Kalimantan Tengah,Kalimantan Tengah,PDIP,Partai Demokrasi Indonesia Perjuangan,10,https://id.wikipedia.org/wiki/Dewan_Perwakilan_Rakyat_Daerah_Provinsi_Kalimantan_Tengah,elected party seats only
Kalimantan Tengah,Kalimantan Tengah,Golkar,Partai Golongan Karya,8,https://id.wikipedia.org/wiki/Dewan_Perwakilan_Rakyat_Daerah_Provinsi_Kalimantan_Tengah,elected party seats only
Kalimantan Tengah,Kalimantan Tengah,Demokrat,Partai Demokrat,6,https://id.wikipedia.org/wiki/Dewan_Perwakilan_Rakyat_Daerah_Provinsi_Kalimantan_Tengah,elected party seats only
Kalimantan Tengah,Kalimantan Tengah,Gerindra,Partai Gerakan Indonesia Raya,6,https://id.wikipedia.org/wiki/Dewan_Perwakilan_Rakyat_Daerah_Provinsi_Kalimantan_Tengah,elected party seats only
Kalimantan Tengah,Kalimantan Tengah,NasDem,Partai NasDem,5,https://id.wikipedia.org/wiki/Dewan_Perwakilan_Rakyat_Daerah_Provinsi_Kalimantan_Tengah,elected party seats only
Kalimantan Tengah,Kalimantan Tengah,PAN,Partai Amanat Nasional,4,https://id.wikipedia.org/wiki/Dewan_Perwakilan_Rakyat_Daerah_Provinsi_Kalimantan_Tengah,elected party seats only
Kalimantan Tengah,Kalimantan Tengah,PKB,Partai Kebangkitan Bangsa,4,https://id.wikipedia.org/wiki/Dewan_Perwakilan_Rakyat_Daerah_Provinsi_Kalimantan_Tengah,elected party seats only
Kalimantan Tengah,Kalimantan Tengah,PKS,Partai Keadilan Sejahtera,1,https://id.wikipedia.org/wiki/Dewan_Perwakilan_Rakyat_Daerah_Provinsi_Kalimantan_Tengah,elected party seats only
Kalimantan Tengah,Kalimantan Tengah,Perindo,Partai Perindo,1,https://id.wikipedia.org/wiki/Dewan_Perwakilan_Rakyat_Daerah_Provinsi_Kalimantan_Tengah,elected party seats only
Kalimantan Selatan,Kalimantan Selatan,Golkar,Partai Golongan Karya,13,https://id.wikipedia.org/wiki/Dewan_Perwakilan_Rakyat_Daerah_Provinsi_Kalimantan_Selatan,elected party seats only
Kalimantan Selatan,Kalimantan Selatan,NasDem,Partai NasDem,10,https://id.wikipedia.org/wiki/Dewan_Perwakilan_Rakyat_Daerah_Provinsi_Kalimantan_Selatan,elected party seats only
Kalimantan Selatan,Kalimantan Selatan,Gerindra,Partai Gerakan Indonesia Raya,7,https://id.wikipedia.org/wiki/Dewan_Perwakilan_Rakyat_Daerah_Provinsi_Kalimantan_Selatan,elected party seats only
Kalimantan Selatan,Kalimantan Selatan,PAN,Partai Amanat Nasional,6,https://id.wikipedia.org/wiki/Dewan_Perwakilan_Rakyat_Daerah_Provinsi_Kalimantan_Selatan,elected party seats only
Kalimantan Selatan,Kalimantan Selatan,PKB,Partai Kebangkitan Bangsa,6,https://id.wikipedia.org/wiki/Dewan_Perwakilan_Rakyat_Daerah_Provinsi_Kalimantan_Selatan,elected party seats only
Kalimantan Selatan,Kalimantan Selatan,PKS,Partai Keadilan Sejahtera,6,https://id.wikipedia.org/wiki/Dewan_Perwakilan_Rakyat_Daerah_Provinsi_Kalimantan_Selatan,elected party seats only
Kalimantan Selatan,Kalimantan Selatan,Demokrat,Partai Demokrat,3,https://id.wikipedia.org/wiki/Dewan_Perwakilan_Rakyat_Daerah_Provinsi_Kalimantan_Selatan,elected party seats only
Kalimantan Selatan,Kalimantan Selatan,PDIP,Partai Demokrasi Indonesia Perjuangan,3,https://id.wikipedia.org/wiki/Dewan_Perwakilan_Rakyat_Daerah_Provinsi_Kalimantan_Selatan,elected party seats only
Kalimantan Selatan,Kalimantan Selatan,PPP,Partai Persatuan Pembangunan,1,https://id.wikipedia.org/wiki/Dewan_Perwakilan_Rakyat_Daerah_Provinsi_Kalimantan_Selatan,elected party seats only
Kalimantan Timur,Kalimantan Timur,Golkar,Partai Golongan Karya,15,https://id.wikipedia.org/wiki/Dewan_Perwakilan_Rakyat_Daerah_Provinsi_Kalimantan_Timur,elected party seats only
Kalimantan Timur,Kalimantan Timur,Gerindra,Partai Gerakan Indonesia Raya,10,https://id.wikipedia.org/wiki/Dewan_Perwakilan_Rakyat_Daerah_Provinsi_Kalimantan_Timur,elected party seats only
Kalimantan Timur,Kalimantan Timur,PDIP,Partai Demokrasi Indonesia Perjuangan,9,https://id.wikipedia.org/wiki/Dewan_Perwakilan_Rakyat_Daerah_Provinsi_Kalimantan_Timur,elected party seats only
Kalimantan Timur,Kalimantan Timur,PKB,Partai Kebangkitan Bangsa,6,https://id.wikipedia.org/wiki/Dewan_Perwakilan_Rakyat_Daerah_Provinsi_Kalimantan_Timur,elected party seats only
Kalimantan Timur,Kalimantan Timur,PAN,Partai Amanat Nasional,4,https://id.wikipedia.org/wiki/Dewan_Perwakilan_Rakyat_Daerah_Provinsi_Kalimantan_Timur,elected party seats only
Kalimantan Timur,Kalimantan Timur,PKS,Partai Keadilan Sejahtera,4,https://id.wikipedia.org/wiki/Dewan_Perwakilan_Rakyat_Daerah_Provinsi_Kalimantan_Timur,elected party seats only
Kalimantan Timur,Kalimantan Timur,NasDem,Partai NasDem,3,https://id.wikipedia.org/wiki/Dewan_Perwakilan_Rakyat_Daerah_Provinsi_Kalimantan_Timur,elected party seats only
Kalimantan Timur,Kalimantan Timur,Demokrat,Partai Demokrat,2,https://id.wikipedia.org/wiki/Dewan_Perwakilan_Rakyat_Daerah_Provinsi_Kalimantan_Timur,elected party seats only
Kalimantan Timur,Kalimantan Timur,PPP,Partai Persatuan Pembangunan,2,https://id.wikipedia.org/wiki/Dewan_Perwakilan_Rakyat_Daerah_Provinsi_Kalimantan_Timur,elected party seats only
Kalimantan Utara,Kalimantan Utara,Demokrat,Partai Demokrat,6,https://id.wikipedia.org/wiki/Dewan_Perwakilan_Rakyat_Daerah_Provinsi_Kalimantan_Utara,elected party seats only
Kalimantan Utara,Kalimantan Utara,Gerindra,Partai Gerakan Indonesia Raya,6,https://id.wikipedia.org/wiki/Dewan_Perwakilan_Rakyat_Daerah_Provinsi_Kalimantan_Utara,elected party seats only
Kalimantan Utara,Kalimantan Utara,Golkar,Partai Golongan Karya,6,https://id.wikipedia.org/wiki/Dewan_Perwakilan_Rakyat_Daerah_Provinsi_Kalimantan_Utara,elected party seats only
Kalimantan Utara,Kalimantan Utara,PKS,Partai Keadilan Sejahtera,4,https://id.wikipedia.org/wiki/Dewan_Perwakilan_Rakyat_Daerah_Provinsi_Kalimantan_Utara,elected party seats only
Kalimantan Utara,Kalimantan Utara,Hanura,Partai Hati Nurani Rakyat,3,https://id.wikipedia.org/wiki/Dewan_Perwakilan_Rakyat_Daerah_Provinsi_Kalimantan_Utara,elected party seats only
Kalimantan Utara,Kalimantan Utara,PDIP,Partai Demokrasi Indonesia Perjuangan,3,https://id.wikipedia.org/wiki/Dewan_Perwakilan_Rakyat_Daerah_Provinsi_Kalimantan_Utara,elected party seats only
Kalimantan Utara,Kalimantan Utara,NasDem,Partai NasDem,2,https://id.wikipedia.org/wiki/Dewan_Perwakilan_Rakyat_Daerah_Provinsi_Kalimantan_Utara,elected party seats only
Kalimantan Utara,Kalimantan Utara,PAN,Partai Amanat Nasional,2,https://id.wikipedia.org/wiki/Dewan_Perwakilan_Rakyat_Daerah_Provinsi_Kalimantan_Utara,elected party seats only
Kalimantan Utara,Kalimantan Utara,PKB,Partai Kebangkitan Bangsa,2,https://id.wikipedia.org/wiki/Dewan_Perwakilan_Rakyat_Daerah_Provinsi_Kalimantan_Utara,elected party seats only
Kalimantan Utara,Kalimantan Utara,PPP,Partai Persatuan Pembangunan,1,https://id.wikipedia.org/wiki/Dewan_Perwakilan_Rakyat_Daerah_Provinsi_Kalimantan_Utara,elected party seats only
Sulawesi Utara,Sulawesi Utara,PDIP,Partai Demokrasi Indonesia Perjuangan,19,https://id.wikipedia.org/wiki/Dewan_Perwakilan_Rakyat_Daerah_Provinsi_Sulawesi_Utara,elected party seats only
Sulawesi Utara,Sulawesi Utara,Demokrat,Partai Demokrat,6,https://id.wikipedia.org/wiki/Dewan_Perwakilan_Rakyat_Daerah_Provinsi_Sulawesi_Utara,elected party seats only
Sulawesi Utara,Sulawesi Utara,Golkar,Partai Golongan Karya,6,https://id.wikipedia.org/wiki/Dewan_Perwakilan_Rakyat_Daerah_Provinsi_Sulawesi_Utara,elected party seats only
Sulawesi Utara,Sulawesi Utara,NasDem,Partai NasDem,6,https://id.wikipedia.org/wiki/Dewan_Perwakilan_Rakyat_Daerah_Provinsi_Sulawesi_Utara,elected party seats only
Sulawesi Utara,Sulawesi Utara,Gerindra,Partai Gerakan Indonesia Raya,4,https://id.wikipedia.org/wiki/Dewan_Perwakilan_Rakyat_Daerah_Provinsi_Sulawesi_Utara,elected party seats only
Sulawesi Utara,Sulawesi Utara,PKB,Partai Kebangkitan Bangsa,1,https://id.wikipedia.org/wiki/Dewan_Perwakilan_Rakyat_Daerah_Provinsi_Sulawesi_Utara,elected party seats only
Sulawesi Utara,Sulawesi Utara,PKS,Partai Keadilan Sejahtera,1,https://id.wikipedia.org/wiki/Dewan_Perwakilan_Rakyat_Daerah_Provinsi_Sulawesi_Utara,elected party seats only
Sulawesi Utara,Sulawesi Utara,PSI,Partai Solidaritas Indonesia,1,https://id.wikipedia.org/wiki/Dewan_Perwakilan_Rakyat_Daerah_Provinsi_Sulawesi_Utara,elected party seats only
Sulawesi Utara,Sulawesi Utara,Perindo,Partai Perindo,1,https://id.wikipedia.org/wiki/Dewan_Perwakilan_Rakyat_Daerah_Provinsi_Sulawesi_Utara,elected party seats only
Gorontalo,Gorontalo,Golkar,Partai Golongan Karya,8,https://id.wikipedia.org/wiki/Dewan_Perwakilan_Rakyat_Daerah_Provinsi_Gorontalo,elected party seats only
Gorontalo,Gorontalo,NasDem,Partai NasDem,7,https://id.wikipedia.org/wiki/Dewan_Perwakilan_Rakyat_Daerah_Provinsi_Gorontalo,elected party seats only
Gorontalo,Gorontalo,PDIP,Partai Demokrasi Indonesia Perjuangan,7,https://id.wikipedia.org/wiki/Dewan_Perwakilan_Rakyat_Daerah_Provinsi_Gorontalo,elected party seats only
Gorontalo,Gorontalo,Gerindra,Partai Gerakan Indonesia Raya,6,https://id.wikipedia.org/wiki/Dewan_Perwakilan_Rakyat_Daerah_Provinsi_Gorontalo,elected party seats only
Gorontalo,Gorontalo,PKS,Partai Keadilan Sejahtera,5,https://id.wikipedia.org/wiki/Dewan_Perwakilan_Rakyat_Daerah_Provinsi_Gorontalo,elected party seats only
Gorontalo,Gorontalo,PPP,Partai Persatuan Pembangunan,4,https://id.wikipedia.org/wiki/Dewan_Perwakilan_Rakyat_Daerah_Provinsi_Gorontalo,elected party seats only
Gorontalo,Gorontalo,Demokrat,Partai Demokrat,3,https://id.wikipedia.org/wiki/Dewan_Perwakilan_Rakyat_Daerah_Provinsi_Gorontalo,elected party seats only
Gorontalo,Gorontalo,PAN,Partai Amanat Nasional,3,https://id.wikipedia.org/wiki/Dewan_Perwakilan_Rakyat_Daerah_Provinsi_Gorontalo,elected party seats only
Gorontalo,Gorontalo,Hanura,Partai Hati Nurani Rakyat,1,https://id.wikipedia.org/wiki/Dewan_Perwakilan_Rakyat_Daerah_Provinsi_Gorontalo,elected party seats only
Gorontalo,Gorontalo,PKB,Partai Kebangkitan Bangsa,1,https://id.wikipedia.org/wiki/Dewan_Perwakilan_Rakyat_Daerah_Provinsi_Gorontalo,elected party seats only
Sulawesi Tengah,Sulawesi Tengah,Demokrat,Partai Demokrat,8,https://id.wikipedia.org/wiki/Dewan_Perwakilan_Rakyat_Daerah_Provinsi_Sulawesi_Tengah,elected party seats only
Sulawesi Tengah,Sulawesi Tengah,Golkar,Partai Golongan Karya,8,https://id.wikipedia.org/wiki/Dewan_Perwakilan_Rakyat_Daerah_Provinsi_Sulawesi_Tengah,elected party seats only
Sulawesi Tengah,Sulawesi Tengah,NasDem,Partai NasDem,8,https://id.wikipedia.org/wiki/Dewan_Perwakilan_Rakyat_Daerah_Provinsi_Sulawesi_Tengah,elected party seats only
Sulawesi Tengah,Sulawesi Tengah,Gerindra,Partai Gerakan Indonesia Raya,7,https://id.wikipedia.org/wiki/Dewan_Perwakilan_Rakyat_Daerah_Provinsi_Sulawesi_Tengah,elected party seats only
Sulawesi Tengah,Sulawesi Tengah,PDIP,Partai Demokrasi Indonesia Perjuangan,7,https://id.wikipedia.org/wiki/Dewan_Perwakilan_Rakyat_Daerah_Provinsi_Sulawesi_Tengah,elected party seats only
Sulawesi Tengah,Sulawesi Tengah,PKB,Partai Kebangkitan Bangsa,5,https://id.wikipedia.org/wiki/Dewan_Perwakilan_Rakyat_Daerah_Provinsi_Sulawesi_Tengah,elected party seats only
Sulawesi Tengah,Sulawesi Tengah,PKS,Partai Keadilan Sejahtera,5,https://id.wikipedia.org/wiki/Dewan_Perwakilan_Rakyat_Daerah_Provinsi_Sulawesi_Tengah,elected party seats only
Sulawesi Tengah,Sulawesi Tengah,PAN,Partai Amanat Nasional,2,https://id.wikipedia.org/wiki/Dewan_Perwakilan_Rakyat_Daerah_Provinsi_Sulawesi_Tengah,elected party seats only
Sulawesi Tengah,Sulawesi Tengah,Perindo,Partai Perindo,2,https://id.wikipedia.org/wiki/Dewan_Perwakilan_Rakyat_Daerah_Provinsi_Sulawesi_Tengah,elected party seats only
Sulawesi Tengah,Sulawesi Tengah,Hanura,Partai Hati Nurani Rakyat,1,https://id.wikipedia.org/wiki/Dewan_Perwakilan_Rakyat_Daerah_Provinsi_Sulawesi_Tengah,elected party seats only
Sulawesi Tengah,Sulawesi Tengah,PBB,Partai Bulan Bintang,1,https://id.wikipedia.org/wiki/Dewan_Perwakilan_Rakyat_Daerah_Provinsi_Sulawesi_Tengah,elected party seats only
Sulawesi Tengah,Sulawesi Tengah,PPP,Partai Persatuan Pembangunan,1,https://id.wikipedia.org/wiki/Dewan_Perwakilan_Rakyat_Daerah_Provinsi_Sulawesi_Tengah,elected party seats only
Sulawesi Selatan,Sulawesi Selatan,NasDem,Partai NasDem,17,https://id.wikipedia.org/wiki/Dewan_Perwakilan_Rakyat_Daerah_Provinsi_Sulawesi_Selatan,elected party seats only
Sulawesi Selatan,Sulawesi Selatan,Golkar,Partai Golongan Karya,14,https://id.wikipedia.org/wiki/Dewan_Perwakilan_Rakyat_Daerah_Provinsi_Sulawesi_Selatan,elected party seats only
Sulawesi Selatan,Sulawesi Selatan,Gerindra,Partai Gerakan Indonesia Raya,13,https://id.wikipedia.org/wiki/Dewan_Perwakilan_Rakyat_Daerah_Provinsi_Sulawesi_Selatan,elected party seats only
Sulawesi Selatan,Sulawesi Selatan,PKB,Partai Kebangkitan Bangsa,8,https://id.wikipedia.org/wiki/Dewan_Perwakilan_Rakyat_Daerah_Provinsi_Sulawesi_Selatan,elected party seats only
Sulawesi Selatan,Sulawesi Selatan,PPP,Partai Persatuan Pembangunan,8,https://id.wikipedia.org/wiki/Dewan_Perwakilan_Rakyat_Daerah_Provinsi_Sulawesi_Selatan,elected party seats only
Sulawesi Selatan,Sulawesi Selatan,Demokrat,Partai Demokrat,7,https://id.wikipedia.org/wiki/Dewan_Perwakilan_Rakyat_Daerah_Provinsi_Sulawesi_Selatan,elected party seats only
Sulawesi Selatan,Sulawesi Selatan,PKS,Partai Keadilan Sejahtera,7,https://id.wikipedia.org/wiki/Dewan_Perwakilan_Rakyat_Daerah_Provinsi_Sulawesi_Selatan,elected party seats only
Sulawesi Selatan,Sulawesi Selatan,PDIP,Partai Demokrasi Indonesia Perjuangan,6,https://id.wikipedia.org/wiki/Dewan_Perwakilan_Rakyat_Daerah_Provinsi_Sulawesi_Selatan,elected party seats only
Sulawesi Selatan,Sulawesi Selatan,PAN,Partai Amanat Nasional,4,https://id.wikipedia.org/wiki/Dewan_Perwakilan_Rakyat_Daerah_Provinsi_Sulawesi_Selatan,elected party seats only
Sulawesi Selatan,Sulawesi Selatan,Hanura,Partai Hati Nurani Rakyat,1,https://id.wikipedia.org/wiki/Dewan_Perwakilan_Rakyat_Daerah_Provinsi_Sulawesi_Selatan,elected party seats only
Sulawesi Tenggara,Sulawesi Tenggara,Golkar,Partai Golongan Karya,6,https://id.wikipedia.org/wiki/Dewan_Perwakilan_Rakyat_Daerah_Provinsi_Sulawesi_Tenggara,elected party seats only
Sulawesi Tenggara,Sulawesi Tenggara,NasDem,Partai NasDem,6,https://id.wikipedia.org/wiki/Dewan_Perwakilan_Rakyat_Daerah_Provinsi_Sulawesi_Tenggara,elected party seats only
Sulawesi Tenggara,Sulawesi Tenggara,PDIP,Partai Demokrasi Indonesia Perjuangan,6,https://id.wikipedia.org/wiki/Dewan_Perwakilan_Rakyat_Daerah_Provinsi_Sulawesi_Tenggara,elected party seats only
Sulawesi Tenggara,Sulawesi Tenggara,Gerindra,Partai Gerakan Indonesia Raya,5,https://id.wikipedia.org/wiki/Dewan_Perwakilan_Rakyat_Daerah_Provinsi_Sulawesi_Tenggara,elected party seats only
Sulawesi Tenggara,Sulawesi Tenggara,Demokrat,Partai Demokrat,4,https://id.wikipedia.org/wiki/Dewan_Perwakilan_Rakyat_Daerah_Provinsi_Sulawesi_Tenggara,elected party seats only
Sulawesi Tenggara,Sulawesi Tenggara,PBB,Partai Bulan Bintang,4,https://id.wikipedia.org/wiki/Dewan_Perwakilan_Rakyat_Daerah_Provinsi_Sulawesi_Tenggara,elected party seats only
Sulawesi Tenggara,Sulawesi Tenggara,PKS,Partai Keadilan Sejahtera,4,https://id.wikipedia.org/wiki/Dewan_Perwakilan_Rakyat_Daerah_Provinsi_Sulawesi_Tenggara,elected party seats only
Sulawesi Tenggara,Sulawesi Tenggara,PAN,Partai Amanat Nasional,3,https://id.wikipedia.org/wiki/Dewan_Perwakilan_Rakyat_Daerah_Provinsi_Sulawesi_Tenggara,elected party seats only
Sulawesi Tenggara,Sulawesi Tenggara,PKB,Partai Kebangkitan Bangsa,3,https://id.wikipedia.org/wiki/Dewan_Perwakilan_Rakyat_Daerah_Provinsi_Sulawesi_Tenggara,elected party seats only
Sulawesi Tenggara,Sulawesi Tenggara,PPP,Partai Persatuan Pembangunan,3,https://id.wikipedia.org/wiki/Dewan_Perwakilan_Rakyat_Daerah_Provinsi_Sulawesi_Tenggara,elected party seats only
Sulawesi Tenggara,Sulawesi Tenggara,Hanura,Partai Hati Nurani Rakyat,1,https://id.wikipedia.org/wiki/Dewan_Perwakilan_Rakyat_Daerah_Provinsi_Sulawesi_Tenggara,elected party seats only
Sulawesi Barat,Sulawesi Barat,Golkar,Partai Golongan Karya,10,https://id.wikipedia.org/wiki/Dewan_Perwakilan_Rakyat_Daerah_Provinsi_Sulawesi_Barat,elected party seats only
Sulawesi Barat,Sulawesi Barat,Demokrat,Partai Demokrat,8,https://id.wikipedia.org/wiki/Dewan_Perwakilan_Rakyat_Daerah_Provinsi_Sulawesi_Barat,elected party seats only
Sulawesi Barat,Sulawesi Barat,Gerindra,Partai Gerakan Indonesia Raya,5,https://id.wikipedia.org/wiki/Dewan_Perwakilan_Rakyat_Daerah_Provinsi_Sulawesi_Barat,elected party seats only
Sulawesi Barat,Sulawesi Barat,NasDem,Partai NasDem,5,https://id.wikipedia.org/wiki/Dewan_Perwakilan_Rakyat_Daerah_Provinsi_Sulawesi_Barat,elected party seats only
Sulawesi Barat,Sulawesi Barat,PAN,Partai Amanat Nasional,5,https://id.wikipedia.org/wiki/Dewan_Perwakilan_Rakyat_Daerah_Provinsi_Sulawesi_Barat,elected party seats only
Sulawesi Barat,Sulawesi Barat,PDIP,Partai Demokrasi Indonesia Perjuangan,5,https://id.wikipedia.org/wiki/Dewan_Perwakilan_Rakyat_Daerah_Provinsi_Sulawesi_Barat,elected party seats only
Sulawesi Barat,Sulawesi Barat,PKB,Partai Kebangkitan Bangsa,3,https://id.wikipedia.org/wiki/Dewan_Perwakilan_Rakyat_Daerah_Provinsi_Sulawesi_Barat,elected party seats only
Sulawesi Barat,Sulawesi Barat,Hanura,Partai Hati Nurani Rakyat,2,https://id.wikipedia.org/wiki/Dewan_Perwakilan_Rakyat_Daerah_Provinsi_Sulawesi_Barat,elected party seats only
Sulawesi Barat,Sulawesi Barat,PKS,Partai Keadilan Sejahtera,1,https://id.wikipedia.org/wiki/Dewan_Perwakilan_Rakyat_Daerah_Provinsi_Sulawesi_Barat,elected party seats only
Sulawesi Barat,Sulawesi Barat,PPP,Partai Persatuan Pembangunan,1,https://id.wikipedia.org/wiki/Dewan_Perwakilan_Rakyat_Daerah_Provinsi_Sulawesi_Barat,elected party seats only
Maluku,Maluku,PDIP,Partai Demokrasi Indonesia Perjuangan,8,https://id.wikipedia.org/wiki/Dewan_Perwakilan_Rakyat_Daerah_Provinsi_Maluku,elected party seats only
Maluku,Maluku,NasDem,Partai NasDem,6,https://id.wikipedia.org/wiki/Dewan_Perwakilan_Rakyat_Daerah_Provinsi_Maluku,elected party seats only
Maluku,Maluku,Gerindra,Partai Gerakan Indonesia Raya,5,https://id.wikipedia.org/wiki/Dewan_Perwakilan_Rakyat_Daerah_Provinsi_Maluku,elected party seats only
Maluku,Maluku,Demokrat,Partai Demokrat,4,https://id.wikipedia.org/wiki/Dewan_Perwakilan_Rakyat_Daerah_Provinsi_Maluku,elected party seats only
Maluku,Maluku,Golkar,Partai Golongan Karya,4,https://id.wikipedia.org/wiki/Dewan_Perwakilan_Rakyat_Daerah_Provinsi_Maluku,elected party seats only
Maluku,Maluku,PKB,Partai Kebangkitan Bangsa,4,https://id.wikipedia.org/wiki/Dewan_Perwakilan_Rakyat_Daerah_Provinsi_Maluku,elected party seats only
Maluku,Maluku,PKS,Partai Keadilan Sejahtera,4,https://id.wikipedia.org/wiki/Dewan_Perwakilan_Rakyat_Daerah_Provinsi_Maluku,elected party seats only
Maluku,Maluku,Hanura,Partai Hati Nurani Rakyat,3,https://id.wikipedia.org/wiki/Dewan_Perwakilan_Rakyat_Daerah_Provinsi_Maluku,elected party seats only
Maluku,Maluku,PAN,Partai Amanat Nasional,3,https://id.wikipedia.org/wiki/Dewan_Perwakilan_Rakyat_Daerah_Provinsi_Maluku,elected party seats only
Maluku,Maluku,PPP,Partai Persatuan Pembangunan,2,https://id.wikipedia.org/wiki/Dewan_Perwakilan_Rakyat_Daerah_Provinsi_Maluku,elected party seats only
Maluku,Maluku,Perindo,Partai Perindo,2,https://id.wikipedia.org/wiki/Dewan_Perwakilan_Rakyat_Daerah_Provinsi_Maluku,elected party seats only
Maluku Utara,Maluku Utara,Golkar,Partai Golongan Karya,8,https://id.wikipedia.org/wiki/Dewan_Perwakilan_Rakyat_Daerah_Provinsi_Maluku_Utara,elected party seats only
Maluku Utara,Maluku Utara,Hanura,Partai Hati Nurani Rakyat,5,https://id.wikipedia.org/wiki/Dewan_Perwakilan_Rakyat_Daerah_Provinsi_Maluku_Utara,elected party seats only
Maluku Utara,Maluku Utara,NasDem,Partai NasDem,5,https://id.wikipedia.org/wiki/Dewan_Perwakilan_Rakyat_Daerah_Provinsi_Maluku_Utara,elected party seats only
Maluku Utara,Maluku Utara,PDIP,Partai Demokrasi Indonesia Perjuangan,5,https://id.wikipedia.org/wiki/Dewan_Perwakilan_Rakyat_Daerah_Provinsi_Maluku_Utara,elected party seats only
Maluku Utara,Maluku Utara,PKS,Partai Keadilan Sejahtera,5,https://id.wikipedia.org/wiki/Dewan_Perwakilan_Rakyat_Daerah_Provinsi_Maluku_Utara,elected party seats only
Maluku Utara,Maluku Utara,Gerindra,Partai Gerakan Indonesia Raya,4,https://id.wikipedia.org/wiki/Dewan_Perwakilan_Rakyat_Daerah_Provinsi_Maluku_Utara,elected party seats only
Maluku Utara,Maluku Utara,PKB,Partai Kebangkitan Bangsa,4,https://id.wikipedia.org/wiki/Dewan_Perwakilan_Rakyat_Daerah_Provinsi_Maluku_Utara,elected party seats only
Maluku Utara,Maluku Utara,Demokrat,Partai Demokrat,3,https://id.wikipedia.org/wiki/Dewan_Perwakilan_Rakyat_Daerah_Provinsi_Maluku_Utara,elected party seats only
Maluku Utara,Maluku Utara,PAN,Partai Amanat Nasional,3,https://id.wikipedia.org/wiki/Dewan_Perwakilan_Rakyat_Daerah_Provinsi_Maluku_Utara,elected party seats only
Maluku Utara,Maluku Utara,Garuda,Partai Garda Republik Indonesia,1,https://id.wikipedia.org/wiki/Dewan_Perwakilan_Rakyat_Daerah_Provinsi_Maluku_Utara,elected party seats only
Maluku Utara,Maluku Utara,PBB,Partai Bulan Bintang,1,https://id.wikipedia.org/wiki/Dewan_Perwakilan_Rakyat_Daerah_Provinsi_Maluku_Utara,elected party seats only
Maluku Utara,Maluku Utara,Perindo,Partai Perindo,1,https://id.wikipedia.org/wiki/Dewan_Perwakilan_Rakyat_Daerah_Provinsi_Maluku_Utara,elected party seats only
Papua,Papua,Golkar,Partai Golongan Karya,9,https://id.wikipedia.org/wiki/Dewan_Perwakilan_Rakyat_Daerah_Provinsi_Papua,elected party seats only; Otsus seats excluded
Papua,Papua,NasDem,Partai NasDem,8,https://id.wikipedia.org/wiki/Dewan_Perwakilan_Rakyat_Daerah_Provinsi_Papua,elected party seats only; Otsus seats excluded
Papua,Papua,PDIP,Partai Demokrasi Indonesia Perjuangan,7,https://id.wikipedia.org/wiki/Dewan_Perwakilan_Rakyat_Daerah_Provinsi_Papua,elected party seats only; Otsus seats excluded
Papua,Papua,PKS,Partai Keadilan Sejahtera,4,https://id.wikipedia.org/wiki/Dewan_Perwakilan_Rakyat_Daerah_Provinsi_Papua,elected party seats only; Otsus seats excluded
Papua,Papua,Demokrat,Partai Demokrat,3,https://id.wikipedia.org/wiki/Dewan_Perwakilan_Rakyat_Daerah_Provinsi_Papua,elected party seats only; Otsus seats excluded
Papua,Papua,Gerindra,Partai Gerakan Indonesia Raya,3,https://id.wikipedia.org/wiki/Dewan_Perwakilan_Rakyat_Daerah_Provinsi_Papua,elected party seats only; Otsus seats excluded
Papua,Papua,PAN,Partai Amanat Nasional,3,https://id.wikipedia.org/wiki/Dewan_Perwakilan_Rakyat_Daerah_Provinsi_Papua,elected party seats only; Otsus seats excluded
Papua,Papua,PKB,Partai Kebangkitan Bangsa,3,https://id.wikipedia.org/wiki/Dewan_Perwakilan_Rakyat_Daerah_Provinsi_Papua,elected party seats only; Otsus seats excluded
Papua,Papua,Perindo,Partai Perindo,3,https://id.wikipedia.org/wiki/Dewan_Perwakilan_Rakyat_Daerah_Provinsi_Papua,elected party seats only; Otsus seats excluded
Papua,Papua,PPP,Partai Persatuan Pembangunan,1,https://id.wikipedia.org/wiki/Dewan_Perwakilan_Rakyat_Daerah_Provinsi_Papua,elected party seats only; Otsus seats excluded
Papua,Papua,PSI,Partai Solidaritas Indonesia,1,https://id.wikipedia.org/wiki/Dewan_Perwakilan_Rakyat_Daerah_Provinsi_Papua,elected party seats only; Otsus seats excluded
Papua Barat,Papua Barat,Golkar,Partai Golongan Karya,7,https://id.wikipedia.org/wiki/Dewan_Perwakilan_Rakyat_Daerah_Provinsi_Papua_Barat,elected party seats only; Otsus seats excluded
Papua Barat,Papua Barat,PDIP,Partai Demokrasi Indonesia Perjuangan,7,https://id.wikipedia.org/wiki/Dewan_Perwakilan_Rakyat_Daerah_Provinsi_Papua_Barat,elected party seats only; Otsus seats excluded
Papua Barat,Papua Barat,NasDem,Partai NasDem,5,https://id.wikipedia.org/wiki/Dewan_Perwakilan_Rakyat_Daerah_Provinsi_Papua_Barat,elected party seats only; Otsus seats excluded
Papua Barat,Papua Barat,Demokrat,Partai Demokrat,3,https://id.wikipedia.org/wiki/Dewan_Perwakilan_Rakyat_Daerah_Provinsi_Papua_Barat,elected party seats only; Otsus seats excluded
Papua Barat,Papua Barat,Gerindra,Partai Gerakan Indonesia Raya,3,https://id.wikipedia.org/wiki/Dewan_Perwakilan_Rakyat_Daerah_Provinsi_Papua_Barat,elected party seats only; Otsus seats excluded
Papua Barat,Papua Barat,PAN,Partai Amanat Nasional,3,https://id.wikipedia.org/wiki/Dewan_Perwakilan_Rakyat_Daerah_Provinsi_Papua_Barat,elected party seats only; Otsus seats excluded
Papua Barat,Papua Barat,PKB,Partai Kebangkitan Bangsa,3,https://id.wikipedia.org/wiki/Dewan_Perwakilan_Rakyat_Daerah_Provinsi_Papua_Barat,elected party seats only; Otsus seats excluded
Papua Barat,Papua Barat,Perindo,Partai Perindo,2,https://id.wikipedia.org/wiki/Dewan_Perwakilan_Rakyat_Daerah_Provinsi_Papua_Barat,elected party seats only; Otsus seats excluded
Papua Barat,Papua Barat,PKS,Partai Keadilan Sejahtera,1,https://id.wikipedia.org/wiki/Dewan_Perwakilan_Rakyat_Daerah_Provinsi_Papua_Barat,elected party seats only; Otsus seats excluded
Papua Barat,Papua Barat,PPP,Partai Persatuan Pembangunan,1,https://id.wikipedia.org/wiki/Dewan_Perwakilan_Rakyat_Daerah_Provinsi_Papua_Barat,elected party seats only; Otsus seats excluded
Papua Selatan,Papua Selatan,PDIP,Partai Demokrasi Indonesia Perjuangan,7,https://id.wikipedia.org/wiki/Dewan_Perwakilan_Rakyat_Daerah_Provinsi_Papua_Selatan,elected party seats only; Otsus seats excluded
Papua Selatan,Papua Selatan,NasDem,Partai NasDem,6,https://id.wikipedia.org/wiki/Dewan_Perwakilan_Rakyat_Daerah_Provinsi_Papua_Selatan,elected party seats only; Otsus seats excluded
Papua Selatan,Papua Selatan,Gerindra,Partai Gerakan Indonesia Raya,5,https://id.wikipedia.org/wiki/Dewan_Perwakilan_Rakyat_Daerah_Provinsi_Papua_Selatan,elected party seats only; Otsus seats excluded
Papua Selatan,Papua Selatan,Golkar,Partai Golongan Karya,4,https://id.wikipedia.org/wiki/Dewan_Perwakilan_Rakyat_Daerah_Provinsi_Papua_Selatan,elected party seats only; Otsus seats excluded
Papua Selatan,Papua Selatan,PKB,Partai Kebangkitan Bangsa,3,https://id.wikipedia.org/wiki/Dewan_Perwakilan_Rakyat_Daerah_Provinsi_Papua_Selatan,elected party seats only; Otsus seats excluded
Papua Selatan,Papua Selatan,PKS,Partai Keadilan Sejahtera,3,https://id.wikipedia.org/wiki/Dewan_Perwakilan_Rakyat_Daerah_Provinsi_Papua_Selatan,elected party seats only; Otsus seats excluded
Papua Selatan,Papua Selatan,PPP,Partai Persatuan Pembangunan,2,https://id.wikipedia.org/wiki/Dewan_Perwakilan_Rakyat_Daerah_Provinsi_Papua_Selatan,elected party seats only; Otsus seats excluded
Papua Selatan,Papua Selatan,Perindo,Partai Perindo,2,https://id.wikipedia.org/wiki/Dewan_Perwakilan_Rakyat_Daerah_Provinsi_Papua_Selatan,elected party seats only; Otsus seats excluded
Papua Selatan,Papua Selatan,Demokrat,Partai Demokrat,1,https://id.wikipedia.org/wiki/Dewan_Perwakilan_Rakyat_Daerah_Provinsi_Papua_Selatan,elected party seats only; Otsus seats excluded
Papua Selatan,Papua Selatan,PAN,Partai Amanat Nasional,1,https://id.wikipedia.org/wiki/Dewan_Perwakilan_Rakyat_Daerah_Provinsi_Papua_Selatan,elected party seats only; Otsus seats excluded
Papua Selatan,Papua Selatan,PSI,Partai Solidaritas Indonesia,1,https://id.wikipedia.org/wiki/Dewan_Perwakilan_Rakyat_Daerah_Provinsi_Papua_Selatan,elected party seats only; Otsus seats excluded
Papua Tengah,Papua Tengah,PDIP,Partai Demokrasi Indonesia Perjuangan,11,https://id.wikipedia.org/wiki/Dewan_Perwakilan_Rakyat_Daerah_Provinsi_Papua_Tengah,elected party seats only; Otsus seats excluded
Papua Tengah,Papua Tengah,NasDem,Partai NasDem,5,https://id.wikipedia.org/wiki/Dewan_Perwakilan_Rakyat_Daerah_Provinsi_Papua_Tengah,elected party seats only; Otsus seats excluded
Papua Tengah,Papua Tengah,Gerindra,Partai Gerakan Indonesia Raya,4,https://id.wikipedia.org/wiki/Dewan_Perwakilan_Rakyat_Daerah_Provinsi_Papua_Tengah,elected party seats only; Otsus seats excluded
Papua Tengah,Papua Tengah,Golkar,Partai Golongan Karya,3,https://id.wikipedia.org/wiki/Dewan_Perwakilan_Rakyat_Daerah_Provinsi_Papua_Tengah,elected party seats only; Otsus seats excluded
Papua Tengah,Papua Tengah,Hanura,Partai Hati Nurani Rakyat,3,https://id.wikipedia.org/wiki/Dewan_Perwakilan_Rakyat_Daerah_Provinsi_Papua_Tengah,elected party seats only; Otsus seats excluded
Papua Tengah,Papua Tengah,PAN,Partai Amanat Nasional,3,https://id.wikipedia.org/wiki/Dewan_Perwakilan_Rakyat_Daerah_Provinsi_Papua_Tengah,elected party seats only; Otsus seats excluded
Papua Tengah,Papua Tengah,PKB,Partai Kebangkitan Bangsa,3,https://id.wikipedia.org/wiki/Dewan_Perwakilan_Rakyat_Daerah_Provinsi_Papua_Tengah,elected party seats only; Otsus seats excluded
Papua Tengah,Papua Tengah,Demokrat,Partai Demokrat,2,https://id.wikipedia.org/wiki/Dewan_Perwakilan_Rakyat_Daerah_Provinsi_Papua_Tengah,elected party seats only; Otsus seats excluded
Papua Tengah,Papua Tengah,PBB,Partai Bulan Bintang,2,https://id.wikipedia.org/wiki/Dewan_Perwakilan_Rakyat_Daerah_Provinsi_Papua_Tengah,elected party seats only; Otsus seats excluded
Papua Tengah,Papua Tengah,PKS,Partai Keadilan Sejahtera,2,https://id.wikipedia.org/wiki/Dewan_Perwakilan_Rakyat_Daerah_Provinsi_Papua_Tengah,elected party seats only; Otsus seats excluded
Papua Tengah,Papua Tengah,PSI,Partai Solidaritas Indonesia,2,https://id.wikipedia.org/wiki/Dewan_Perwakilan_Rakyat_Daerah_Provinsi_Papua_Tengah,elected party seats only; Otsus seats excluded
Papua Tengah,Papua Tengah,Perindo,Partai Perindo,2,https://id.wikipedia.org/wiki/Dewan_Perwakilan_Rakyat_Daerah_Provinsi_Papua_Tengah,elected party seats only; Otsus seats excluded
Papua Tengah,Papua Tengah,Garuda,Partai Garda Republik Indonesia,1,https://id.wikipedia.org/wiki/Dewan_Perwakilan_Rakyat_Daerah_Provinsi_Papua_Tengah,elected party seats only; Otsus seats excluded
Papua Tengah,Papua Tengah,PKN,Partai Kebangkitan Nusantara,1,https://id.wikipedia.org/wiki/Dewan_Perwakilan_Rakyat_Daerah_Provinsi_Papua_Tengah,elected party seats only; Otsus seats excluded
Papua Tengah,Papua Tengah,PPP,Partai Persatuan Pembangunan,1,https://id.wikipedia.org/wiki/Dewan_Perwakilan_Rakyat_Daerah_Provinsi_Papua_Tengah,elected party seats only; Otsus seats excluded
Papua Pegunungan,Papua Pegunungan,NasDem,Partai NasDem,11,https://id.wikipedia.org/wiki/Dewan_Perwakilan_Rakyat_Daerah_Provinsi_Papua_Pegunungan,elected party seats only; Otsus seats excluded
Papua Pegunungan,Papua Pegunungan,Demokrat,Partai Demokrat,5,https://id.wikipedia.org/wiki/Dewan_Perwakilan_Rakyat_Daerah_Provinsi_Papua_Pegunungan,elected party seats only; Otsus seats excluded
Papua Pegunungan,Papua Pegunungan,PKS,Partai Keadilan Sejahtera,5,https://id.wikipedia.org/wiki/Dewan_Perwakilan_Rakyat_Daerah_Provinsi_Papua_Pegunungan,elected party seats only; Otsus seats excluded
Papua Pegunungan,Papua Pegunungan,PDIP,Partai Demokrasi Indonesia Perjuangan,4,https://id.wikipedia.org/wiki/Dewan_Perwakilan_Rakyat_Daerah_Provinsi_Papua_Pegunungan,elected party seats only; Otsus seats excluded
Papua Pegunungan,Papua Pegunungan,Perindo,Partai Perindo,4,https://id.wikipedia.org/wiki/Dewan_Perwakilan_Rakyat_Daerah_Provinsi_Papua_Pegunungan,elected party seats only; Otsus seats excluded
Papua Pegunungan,Papua Pegunungan,Gerindra,Partai Gerakan Indonesia Raya,3,https://id.wikipedia.org/wiki/Dewan_Perwakilan_Rakyat_Daerah_Provinsi_Papua_Pegunungan,elected party seats only; Otsus seats excluded
Papua Pegunungan,Papua Pegunungan,Golkar,Partai Golongan Karya,3,https://id.wikipedia.org/wiki/Dewan_Perwakilan_Rakyat_Daerah_Provinsi_Papua_Pegunungan,elected party seats only; Otsus seats excluded
Papua Pegunungan,Papua Pegunungan,PAN,Partai Amanat Nasional,2,https://id.wikipedia.org/wiki/Dewan_Perwakilan_Rakyat_Daerah_Provinsi_Papua_Pegunungan,elected party seats only; Otsus seats excluded
Papua Pegunungan,Papua Pegunungan,PKN,Partai Kebangkitan Nusantara,2,https://id.wikipedia.org/wiki/Dewan_Perwakilan_Rakyat_Daerah_Provinsi_Papua_Pegunungan,elected party seats only; Otsus seats excluded
Papua Pegunungan,Papua Pegunungan,PSI,Partai Solidaritas Indonesia,2,https://id.wikipedia.org/wiki/Dewan_Perwakilan_Rakyat_Daerah_Provinsi_Papua_Pegunungan,elected party seats only; Otsus seats excluded
Papua Pegunungan,Papua Pegunungan,Garuda,Partai Garda Republik Indonesia,1,https://id.wikipedia.org/wiki/Dewan_Perwakilan_Rakyat_Daerah_Provinsi_Papua_Pegunungan,elected party seats only; Otsus seats excluded
Papua Pegunungan,Papua Pegunungan,Gelora,Partai Gelombang Rakyat Indonesia,1,https://id.wikipedia.org/wiki/Dewan_Perwakilan_Rakyat_Daerah_Provinsi_Papua_Pegunungan,elected party seats only; Otsus seats excluded
Papua Pegunungan,Papua Pegunungan,PBB,Partai Bulan Bintang,1,https://id.wikipedia.org/wiki/Dewan_Perwakilan_Rakyat_Daerah_Provinsi_Papua_Pegunungan,elected party seats only; Otsus seats excluded
Papua Pegunungan,Papua Pegunungan,PKB,Partai Kebangkitan Bangsa,1,https://id.wikipedia.org/wiki/Dewan_Perwakilan_Rakyat_Daerah_Provinsi_Papua_Pegunungan,elected party seats only; Otsus seats excluded
Papua Barat Daya,Papua Barat Daya,Golkar,Partai Golongan Karya,8,https://id.wikipedia.org/wiki/Dewan_Perwakilan_Rakyat_Daerah_Provinsi_Papua_Barat_Daya,elected party seats only; Otsus seats excluded
Papua Barat Daya,Papua Barat Daya,Demokrat,Partai Demokrat,5,https://id.wikipedia.org/wiki/Dewan_Perwakilan_Rakyat_Daerah_Provinsi_Papua_Barat_Daya,elected party seats only; Otsus seats excluded
Papua Barat Daya,Papua Barat Daya,PDIP,Partai Demokrasi Indonesia Perjuangan,5,https://id.wikipedia.org/wiki/Dewan_Perwakilan_Rakyat_Daerah_Provinsi_Papua_Barat_Daya,elected party seats only; Otsus seats excluded
Papua Barat Daya,Papua Barat Daya,NasDem,Partai NasDem,4,https://id.wikipedia.org/wiki/Dewan_Perwakilan_Rakyat_Daerah_Provinsi_Papua_Barat_Daya,elected party seats only; Otsus seats excluded
Papua Barat Daya,Papua Barat Daya,Gerindra,Partai Gerakan Indonesia Raya,3,https://id.wikipedia.org/wiki/Dewan_Perwakilan_Rakyat_Daerah_Provinsi_Papua_Barat_Daya,elected party seats only; Otsus seats excluded
Papua Barat Daya,Papua Barat Daya,Hanura,Partai Hati Nurani Rakyat,3,https://id.wikipedia.org/wiki/Dewan_Perwakilan_Rakyat_Daerah_Provinsi_Papua_Barat_Daya,elected party seats only; Otsus seats excluded
Papua Barat Daya,Papua Barat Daya,Perindo,Partai Perindo,3,https://id.wikipedia.org/wiki/Dewan_Perwakilan_Rakyat_Daerah_Provinsi_Papua_Barat_Daya,elected party seats only; Otsus seats excluded
Papua Barat Daya,Papua Barat Daya,PAN,Partai Amanat Nasional,1,https://id.wikipedia.org/wiki/Dewan_Perwakilan_Rakyat_Daerah_Provinsi_Papua_Barat_Daya,elected party seats only; Otsus seats excluded
Papua Barat Daya,Papua Barat Daya,PKB,Partai Kebangkitan Bangsa,1,https://id.wikipedia.org/wiki/Dewan_Perwakilan_Rakyat_Daerah_Provinsi_Papua_Barat_Daya,elected party seats only; Otsus seats excluded
Papua Barat Daya,Papua Barat Daya,PKS,Partai Keadilan Sejahtera,1,https://id.wikipedia.org/wiki/Dewan_Perwakilan_Rakyat_Daerah_Provinsi_Papua_Barat_Daya,elected party seats only; Otsus seats excluded
Papua Barat Daya,Papua Barat Daya,PSI,Partai Solidaritas Indonesia,1,https://id.wikipedia.org/wiki/Dewan_Perwakilan_Rakyat_Daerah_Provinsi_Papua_Barat_Daya,elected party seats only; Otsus seats excluded
