province,party,seats,source_url,notes
Aceh,Partai Aceh,20,https://id.wikipedia.org/wiki/Dewan_Perwakilan_Rakyat_Aceh,elected party seats only
Aceh,NasDem,10,https://id.wikipedia.org/wiki/Dewan_Perwakilan_Rakyat_Aceh,elected party seats only
Aceh,Golkar,9,https://id.wikipedia.org/wiki/Dewan_Perwakilan_Rakyat_Aceh,elected party seats only
Aceh,PKB,9,https://id.wikipedia.org/wiki/Dewan_Perwakilan_Rakyat_Aceh,elected party seats only
Aceh,Demokrat,7,https://id.wikipedia.org/wiki/Dewan_Perwakilan_Rakyat_Aceh,elected party seats only
Aceh,Gerindra,5,https://id.wikipedia.org/wiki/Dewan_Perwakilan_Rakyat_Aceh,elected party seats only
Aceh,PAN,5,https://id.wikipedia.org/wiki/Dewan_Perwakilan_Rakyat_Aceh,elected party seats only
Aceh,PPP,5,https://id.wikipedia.org/wiki/Dewan_Perwakilan_Rakyat_Aceh,elected party seats only
Aceh,PASA,4,https://id.wikipedia.org/wiki/Dewan_Perwakilan_Rakyat_Aceh,elected party seats only
Aceh,PKS,4,https://id.wikipedia.org/wiki/Dewan_Perwakilan_Rakyat_Aceh,elected party seats only
Aceh,PDA,1,https://id.wikipedia.org/wiki/Dewan_Perwakilan_Rakyat_Aceh,elected party seats only
Aceh,PDI-P,1,https://id.wikipedia.org/wiki/Dewan_Perwakilan_Rakyat_Aceh,elected party seats only
Aceh,PNA,1,https://id.wikipedia.org/wiki/Dewan_Perwakilan_Rakyat_Aceh,elected party seats only
Sumatera Utara,Golkar,22,https://id.wikipedia.org/wiki/Dewan_Perwakilan_Rakyat_Daerah_Provinsi_Sumatera_Utara,elected party seats only
Sumatera Utara,PDI-P,21,https://id.wikipedia.org/wiki/Dewan_Perwakilan_Rakyat_Daerah_Provinsi_Sumatera_Utara,elected party seats only
Sumatera Utara,Gerindra,13,https://id.wikipedia.org/wiki/Dewan_Perwakilan_Rakyat_Daerah_Provinsi_Sumatera_Utara,elected party seats only
Sumatera Utara,NasDem,12,https://id.wikipedia.org/wiki/Dewan_Perwakilan_Rakyat_Daerah_Provinsi_Sumatera_Utara,elected party seats only
Sumatera Utara,PKS,10,https://id.wikipedia.org/wiki/Dewan_Perwakilan_Rakyat_Daerah_Provinsi_Sumatera_Utara,elected party seats only
Sumatera Utara,PAN,6,https://id.wikipedia.org/wiki/Dewan_Perwakilan_Rakyat_Daerah_Provinsi_Sumatera_Utara,elected party seats only
Sumatera Utara,Demokrat,5,https://id.wikipedia.org/wiki/Dewan_Perwakilan_Rakyat_Daerah_Provinsi_Sumatera_Utara,elected party seats only
Sumatera Utara,Hanura,5,https://id.wikipedia.org/wiki/Dewan_Perwakilan_Rakyat_Daerah_Provinsi_Sumatera_Utara,elected party seats only
Sumatera Utara,PKB,4,https://id.wikipedia.org/wiki/Dewan_Perwakilan_Rakyat_Daerah_Provinsi_Sumatera_Utara,elected party seats only
Sumatera Utara,PPP,1,https://id.wikipedia.org/wiki/Dewan_Perwakilan_Rakyat_Daerah_Provinsi_Sumatera_Utara,elected party seats only
Sumatera Utara,Perindo,1,https://id.wikipedia.org/wiki/Dewan_Perwakilan_Rakyat_Daerah_Provinsi_Sumatera_Utara,elected party seats only
Sumatera Barat,Gerindra,10,https://id.wikipedia.org/wiki/Dewan_Perwakilan_Rakyat_Daerah_Provinsi_Sumatera_Barat,elected party seats only
Sumatera Barat,PKS,10,https://id.wikipedia.org/wiki/Dewan_Perwakilan_Rakyat_Daerah_Provinsi_Sumatera_Barat,elected party seats only
Sumatera Barat,Golkar,9,https://id.wikipedia.org/wiki/Dewan_Perwakilan_Rakyat_Daerah_Provinsi_Sumatera_Barat,elected party seats only
Sumatera Barat,NasDem,9,https://id.wikipedia.org/wiki/Dewan_Perwakilan_Rakyat_Daerah_Provinsi_Sumatera_Barat,elected party seats only
Sumatera Barat,Demokrat,8,https://id.wikipedia.org/wiki/Dewan_Perwakilan_Rakyat_Daerah_Provinsi_Sumatera_Barat,elected party seats only
Sumatera Barat,PAN,8,https://id.wikipedia.org/wiki/Dewan_Perwakilan_Rakyat_Daerah_Provinsi_Sumatera_Barat,elected party seats only
Sumatera Barat,PPP,5,https://id.wikipedia.org/wiki/Dewan_Perwakilan_Rakyat_Daerah_Provinsi_Sumatera_Barat,elected party seats only
Sumatera Barat,PDI-P,3,https://id.wikipedia.org/wiki/Dewan_Perwakilan_Rakyat_Daerah_Provinsi_Sumatera_Barat,elected party seats only
Sumatera Barat,PKB,3,https://id.wikipedia.org/wiki/Dewan_Perwakilan_Rakyat_Daerah_Provinsi_Sumatera_Barat,elected party seats only
Riau,PDI-P,11,https://id.wikipedia.org/wiki/Dewan_Perwakilan_Rakyat_Daerah_Provinsi_Riau,elected party seats only
Riau,Golkar,10,https://id.wikipedia.org/wiki/Dewan_Perwakilan_Rakyat_Daerah_Provinsi_Riau,elected party seats only
Riau,PKS,10,https://id.wikipedia.org/wiki/Dewan_Perwakilan_Rakyat_Daerah_Provinsi_Riau,elected party seats only
Riau,Demokrat,8,https://id.wikipedia.org/wiki/Dewan_Perwakilan_Rakyat_Daerah_Provinsi_Riau,elected party seats only
Riau,Gerindra,8,https://id.wikipedia.org/wiki/Dewan_Perwakilan_Rakyat_Daerah_Provinsi_Riau,elected party seats only
Riau,NasDem,6,https://id.wikipedia.org/wiki/Dewan_Perwakilan_Rakyat_Daerah_Provinsi_Riau,elected party seats only
Riau,PKB,6,https://id.wikipedia.org/wiki/Dewan_Perwakilan_Rakyat_Daerah_Provinsi_Riau,elected party seats only
Riau,PAN,5,https://id.wikipedia.org/wiki/Dewan_Perwakilan_Rakyat_Daerah_Provinsi_Riau,elected party seats only
Riau,PPP,1,https://id.wikipedia.org/wiki/Dewan_Perwakilan_Rakyat_Daerah_Provinsi_Riau,elected party seats only
Kepulauan Riau,Gerindra,9,https://id.wikipedia.org/wiki/Dewan_Perwakilan_Rakyat_Daerah_Provinsi_Kepulauan_Riau,elected party seats only
Kepulauan Riau,Golkar,9,https://id.wikipedia.org/wiki/Dewan_Perwakilan_Rakyat_Daerah_Provinsi_Kepulauan_Riau,elected party seats only
Kepulauan Riau,NasDem,7,https://id.wikipedia.org/wiki/Dewan_Perwakilan_Rakyat_Daerah_Provinsi_Kepulauan_Riau,elected party seats only
Kepulauan Riau,PKS,6,https://id.wikipedia.org/wiki/Dewan_Perwakilan_Rakyat_Daerah_Provinsi_Kepulauan_Riau,elected party seats only
Kepulauan Riau,PDI-P,4,https://id.wikipedia.org/wiki/Dewan_Perwakilan_Rakyat_Daerah_Provinsi_Kepulauan_Riau,elected party seats only
Kepulauan Riau,Demokrat,3,https://id.wikipedia.org/wiki/Dewan_Perwakilan_Rakyat_Daerah_Provinsi_Kepulauan_Riau,elected party seats only
Kepulauan Riau,PAN,2,https://id.wikipedia.org/wiki/Dewan_Perwakilan_Rakyat_Daerah_Provinsi_Kepulauan_Riau,elected party seats only
Kepulauan Riau,PKB,2,https://id.wikipedia.org/wiki/Dewan_Perwakilan_Rakyat_Daerah_Provinsi_Kepulauan_Riau,elected party seats only
Kepulauan Riau,Hanura,1,https://id.wikipedia.org/wiki/Dewan_Perwakilan_Rakyat_Daerah_Provinsi_Kepulauan_Riau,elected party seats only
Kepulauan Riau,PSI,1,https://id.wikipedia.org/wiki/Dewan_Perwakilan_Rakyat_Daerah_Provinsi_Kepulauan_Riau,elected party seats only
Kepulauan Riau,Perindo,1,https://id.wikipedia.org/wiki/Dewan_Perwakilan_Rakyat_Daerah_Provinsi_Kepulauan_Riau,elected party seats only
Bengkulu,Golkar,10,https://id.wikipedia.org/wiki/Dewan_Perwakilan_Rakyat_Daerah_Provinsi_Bengkulu,elected party seats only
Bengkulu,Gerindra,6,https://id.wikipedia.org/wiki/Dewan_Perwakilan_Rakyat_Daerah_Provinsi_Bengkulu,elected party seats only
Bengkulu,PAN,6,https://id.wikipedia.org/wiki/Dewan_Perwakilan_Rakyat_Daerah_Provinsi_Bengkulu,elected party seats only
Bengkulu,PDI-P,6,https://id.wikipedia.org/wiki/Dewan_Perwakilan_Rakyat_Daerah_Provinsi_Bengkulu,elected party seats only
Bengkulu,Demokrat,4,https://id.wikipedia.org/wiki/Dewan_Perwakilan_Rakyat_Daerah_Provinsi_Bengkulu,elected party seats only
Bengkulu,NasDem,4,https://id.wikipedia.org/wiki/Dewan_Perwakilan_Rakyat_Daerah_Provinsi_Bengkulu,elected party seats only
Bengkulu,Hanura,3,https://id.wikipedia.org/wiki/Dewan_Perwakilan_Rakyat_Daerah_Provinsi_Bengkulu,elected party seats only
Bengkulu,PKB,3,https://id.wikipedia.org/wiki/Dewan_Perwakilan_Rakyat_Daerah_Provinsi_Bengkulu,elected party seats only
Bengkulu,PKS,2,https://id.wikipedia.org/wiki/Dewan_Perwakilan_Rakyat_Daerah_Provinsi_Bengkulu,elected party seats only
Bengkulu,PPP,1,https://id.wikipedia.org/wiki/Dewan_Perwakilan_Rakyat_Daerah_Provinsi_Bengkulu,elected party seats only
Jambi,PAN,10,https://id.wikipedia.org/wiki/Dewan_Perwakilan_Rakyat_Daerah_Provinsi_Jambi,elected party seats only
Jambi,Golkar,7,https://id.wikipedia.org/wiki/Dewan_Perwakilan_Rakyat_Daerah_Provinsi_Jambi,elected party seats only
Jambi,Gerindra,6,https://id.wikipedia.org/wiki/Dewan_Perwakilan_Rakyat_Daerah_Provinsi_Jambi,elected party seats only
Jambi,PDI-P,6,https://id.wikipedia.org/wiki/Dewan_Perwakilan_Rakyat_Daerah_Provinsi_Jambi,elected party seats only
Jambi,PKB,6,https://id.wikipedia.org/wiki/Dewan_Perwakilan_Rakyat_Daerah_Provinsi_Jambi,elected party seats only
Jambi,Demokrat,5,https://id.wikipedia.org/wiki/Dewan_Perwakilan_Rakyat_Daerah_Provinsi_Jambi,elected party seats only
Jambi,NasDem,5,https://id.wikipedia.org/wiki/Dewan_Perwakilan_Rakyat_Daerah_Provinsi_Jambi,elected party seats only
Jambi,PKS,5,https://id.wikipedia.org/wiki/Dewan_Perwakilan_Rakyat_Daerah_Provinsi_Jambi,elected party seats only
Jambi,PPP,5,https://id.wikipedia.org/wiki/Dewan_Perwakilan_Rakyat_Daerah_Provinsi_Jambi,elected party seats only
Sumatera Selatan,Golkar,12,https://id.wikipedia.org/wiki/Dewan_Perwakilan_Rakyat_Daerah_Provinsi_Sumatera_Selatan,elected party seats only
Sumatera Selatan,Gerindra,11,https://id.wikipedia.org/wiki/Dewan_Perwakilan_Rakyat_Daerah_Provinsi_Sumatera_Selatan,elected party seats only
Sumatera Selatan,NasDem,10,https://id.wikipedia.org/wiki/Dewan_Perwakilan_Rakyat_Daerah_Provinsi_Sumatera_Selatan,elected party seats only
Sumatera Selatan,PDI-P,9,https://id.wikipedia.org/wiki/Dewan_Perwakilan_Rakyat_Daerah_Provinsi_Sumatera_Selatan,elected party seats only
Sumatera Selatan,Demokrat,8,https://id.wikipedia.org/wiki/Dewan_Perwakilan_Rakyat_Daerah_Provinsi_Sumatera_Selatan,elected party seats only
Sumatera Selatan,PKB,7,https://id.wikipedia.org/wiki/Dewan_Perwakilan_Rakyat_Daerah_Provinsi_Sumatera_Selatan,elected party seats only
Sumatera Selatan,PKS,7,https://id.wikipedia.org/wiki/Dewan_Perwakilan_Rakyat_Daerah_Provinsi_Sumatera_Selatan,elected party seats only
Sumatera Selatan,PAN,6,https://id.wikipedia.org/wiki/Dewan_Perwakilan_Rakyat_Daerah_Provinsi_Sumatera_Selatan,elected party seats only
Sumatera Selatan,PPP,2,https://id.wikipedia.org/wiki/Dewan_Perwakilan_Rakyat_Daerah_Provinsi_Sumatera_Selatan,elected party seats only
Sumatera Selatan,Hanura,1,https://id.wikipedia.org/wiki/Dewan_Perwakilan_Rakyat_Daerah_Provinsi_Sumatera_Selatan,elected party seats only
Sumatera Selatan,PKN,1,https://id.wikipedia.org/wiki/Dewan_Perwakilan_Rakyat_Daerah_Provinsi_Sumatera_Selatan,elected party seats only
Sumatera Selatan,Perindo,1,https://id.wikipedia.org/wiki/Dewan_Perwakilan_Rakyat_Daerah_Provinsi_Sumatera_Selatan,elected party seats only
Kepulauan Bangka Belitung,PDI-P,9,https://id.wikipedia.org/wiki/Dewan_Perwakilan_Rakyat_Daerah_Provinsi_Kepulauan_Bangka_Belitung,elected party seats only
Kepulauan Bangka Belitung,Golkar,8,https://id.wikipedia.org/wiki/Dewan_Perwakilan_Rakyat_Daerah_Provinsi_Kepulauan_Bangka_Belitung,elected party seats only
Kepulauan Bangka Belitung,Gerindra,7,https://id.wikipedia.org/wiki/Dewan_Perwakilan_Rakyat_Daerah_Provinsi_Kepulauan_Bangka_Belitung,elected party seats only
Kepulauan Bangka Belitung,NasDem,6,https://id.wikipedia.org/wiki/Dewan_Perwakilan_Rakyat_Daerah_Provinsi_Kepulauan_Bangka_Belitung,elected party seats only
Kepulauan Bangka Belitung,PKS,6,https://id.wikipedia.org/wiki/Dewan_Perwakilan_Rakyat_Daerah_Provinsi_Kepulauan_Bangka_Belitung,elected party seats only
Kepulauan Bangka Belitung,Demokrat,3,https://id.wikipedia.org/wiki/Dewan_Perwakilan_Rakyat_Daerah_Provinsi_Kepulauan_Bangka_Belitung,elected party seats only
Kepulauan Bangka Belitung,PPP,3,https://id.wikipedia.org/wiki/Dewan_Perwakilan_Rakyat_Daerah_Provinsi_Kepulauan_Bangka_Belitung,elected party seats only
Kepulauan Bangka Belitung,PKB,2,https://id.wikipedia.org/wiki/Dewan_Perwakilan_Rakyat_Daerah_Provinsi_Kepulauan_Bangka_Belitung,elected party seats only
Kepulauan Bangka Belitung,PBB,1,https://id.wikipedia.org/wiki/Dewan_Perwakilan_Rakyat_Daerah_Provinsi_Kepulauan_Bangka_Belitung,elected party seats only
Lampung,Gerindra,16,https://id.wikipedia.org/wiki/Dewan_Perwakilan_Rakyat_Daerah_Provinsi_Lampung,elected party seats only
Lampung,PDI-P,13,https://id.wikipedia.org/wiki/Dewan_Perwakilan_Rakyat_Daerah_Provinsi_Lampung,elected party seats only
Lampung,Golkar,11,https://id.wikipedia.org/wiki/Dewan_Perwakilan_Rakyat_Daerah_Provinsi_Lampung,elected party seats only
Lampung,PKB,11,https://id.wikipedia.org/wiki/Dewan_Perwakilan_Rakyat_Daerah_Provinsi_Lampung,elected party seats only
Lampung,NasDem,10,https://id.wikipedia.org/wiki/Dewan_Perwakilan_Rakyat_Daerah_Provinsi_Lampung,elected party seats only
Lampung,Demokrat,9,https://id.wikipedia.org/wiki/Dewan_Perwakilan_Rakyat_Daerah_Provinsi_Lampung,elected party seats only
Lampung,PAN,8,https://id.wikipedia.org/wiki/Dewan_Perwakilan_Rakyat_Daerah_Provinsi_Lampung,elected party seats only
Lampung,PKS,7,https://id.wikipedia.org/wiki/Dewan_Perwakilan_Rakyat_Daerah_Provinsi_Lampung,elected party seats only
Banten,Gerindra,14,https://id.wikipedia.org/wiki/Dewan_Perwakilan_Rakyat_Daerah_Provinsi_Banten,elected party seats only
Banten,Golkar,14,https://id.wikipedia.org/wiki/Dewan_Perwakilan_Rakyat_Daerah_Provinsi_Banten,elected party seats only
Banten,PDI-P,14,https://id.wikipedia.org/wiki/Dewan_Perwakilan_Rakyat_Daerah_Provinsi_Banten,elected party seats only
Banten,PKS,13,https://id.wikipedia.org/wiki/Dewan_Perwakilan_Rakyat_Daerah_Provinsi_Banten,elected party seats only
Banten,Demokrat,11,https://id.wikipedia.org/wiki/Dewan_Perwakilan_Rakyat_Daerah_Provinsi_Banten,elected party seats only
Banten,NasDem,10,https://id.wikipedia.org/wiki/Dewan_Perwakilan_Rakyat_Daerah_Provinsi_Banten,elected party seats only
Banten,PKB,10,https://id.wikipedia.org/wiki/Dewan_Perwakilan_Rakyat_Daerah_Provinsi_Banten,elected party seats only
Banten,PAN,7,https://id.wikipedia.org/wiki/Dewan_Perwakilan_Rakyat_Daerah_Provinsi_Banten,elected party seats only
Banten,PPP,4,https://id.wikipedia.org/wiki/Dewan_Perwakilan_Rakyat_Daerah_Provinsi_Banten,elected party seats only
Banten,PSI,3,https://id.wikipedia.org/wiki/Dewan_Perwakilan_Rakyat_Daerah_Provinsi_Banten,elected party seats only
DK Jakarta,PKS,18,https://id.wikipedia.org/wiki/Dewan_Perwakilan_Rakyat_Daerah_Provinsi_Daerah_Khusus_Jakarta,elected party seats only
DK Jakarta,PDI-P,15,https://id.wikipedia.org/wiki/Dewan_Perwakilan_Rakyat_Daerah_Provinsi_Daerah_Khusus_Jakarta,elected party seats only
DK Jakarta,Gerindra,14,https://id.wikipedia.org/wiki/Dewan_Perwakilan_Rakyat_Daerah_Provinsi_Daerah_Khusus_Jakarta,elected party seats only
DK Jakarta,Golkar,10,https://id.wikipedia.org/wiki/Dewan_Perwakilan_Rakyat_Daerah_Provinsi_Daerah_Khusus_Jakarta,elected party seats only
DK Jakarta,NasDem,10,https://id.wikipedia.org/wiki/Dewan_Perwakilan_Rakyat_Daerah_Provinsi_Daerah_Khusus_Jakarta,elected party seats only
DK Jakarta,PAN,10,https://id.wikipedia.org/wiki/Dewan_Perwakilan_Rakyat_Daerah_Provinsi_Daerah_Khusus_Jakarta,elected party seats only
DK Jakarta,PKB,10,https://id.wikipedia.org/wiki/Dewan_Perwakilan_Rakyat_Daerah_Provinsi_Daerah_Khusus_Jakarta,elected party seats only
DK Jakarta,Demokrat,9,https://id.wikipedia.org/wiki/Dewan_Perwakilan_Rakyat_Daerah_Provinsi_Daerah_Khusus_Jakarta,elected party seats only
DK Jakarta,PSI,8,https://id.wikipedia.org/wiki/Dewan_Perwakilan_Rakyat_Daerah_Provinsi_Daerah_Khusus_Jakarta,elected party seats only
DK Jakarta,PPP,1,https://id.wikipedia.org/wiki/Dewan_Perwakilan_Rakyat_Daerah_Provinsi_Daerah_Khusus_Jakarta,elected party seats only
DK Jakarta,Perindo,1,https://id.wikipedia.org/wiki/Dewan_Perwakilan_Rakyat_Daerah_Provinsi_Daerah_Khusus_Jakarta,elected party seats only
Jawa Barat,Gerindra,20,https://id.wikipedia.org/wiki/Dewan_Perwakilan_Rakyat_Daerah_Provinsi_Jawa_Barat,elected party seats only
Jawa Barat,Golkar,19,https://id.wikipedia.org/wiki/Dewan_Perwakilan_Rakyat_Daerah_Provinsi_Jawa_Barat,elected party seats only
Jawa Barat,PKS,19,https://id.wikipedia.org/wiki/Dewan_Perwakilan_Rakyat_Daerah_Provinsi_Jawa_Barat,elected party seats only
Jawa Barat,PDI-P,17,https://id.wikipedia.org/wiki/Dewan_Perwakilan_Rakyat_Daerah_Provinsi_Jawa_Barat,elected party seats only
Jawa Barat,PKB,15,https://id.wikipedia.org/wiki/Dewan_Perwakilan_Rakyat_Daerah_Provinsi_Jawa_Barat,elected party seats only
Jawa Barat,Demokrat,8,https://id.wikipedia.org/wiki/Dewan_Perwakilan_Rakyat_Daerah_Provinsi_Jawa_Barat,elected party seats only
Jawa Barat,NasDem,8,https://id.wikipedia.org/wiki/Dewan_Perwakilan_Rakyat_Daerah_Provinsi_Jawa_Barat,elected party seats only
Jawa Barat,PAN,7,https://id.wikipedia.org/wiki/Dewan_Perwakilan_Rakyat_Daerah_Provinsi_Jawa_Barat,elected party seats only
Jawa Barat,PPP,6,https://id.wikipedia.org/wiki/Dewan_Perwakilan_Rakyat_Daerah_Provinsi_Jawa_Barat,elected party seats only
Jawa Barat,PSI,1,https://id.wikipedia.org/wiki/Dewan_Perwakilan_Rakyat_Daerah_Provinsi_Jawa_Barat,elected party seats only
Jawa Tengah,PDI-P,33,https://id.wikipedia.org/wiki/Dewan_Perwakilan_Rakyat_Daerah_Provinsi_Jawa_Tengah,elected party seats only
Jawa Tengah,PKB,20,https://id.wikipedia.org/wiki/Dewan_Perwakilan_Rakyat_Daerah_Provinsi_Jawa_Tengah,elected party seats only
Jawa Tengah,Gerindra,17,https://id.wikipedia.org/wiki/Dewan_Perwakilan_Rakyat_Daerah_Provinsi_Jawa_Tengah,elected party seats only
Jawa Tengah,Golkar,17,https://id.wikipedia.org/wiki/Dewan_Perwakilan_Rakyat_Daerah_Provinsi_Jawa_Tengah,elected party seats only
Jawa Tengah,PKS,11,https://id.wikipedia.org/wiki/Dewan_Perwakilan_Rakyat_Daerah_Provinsi_Jawa_Tengah,elected party seats only
Jawa Tengah,Demokrat,7,https://id.wikipedia.org/wiki/Dewan_Perwakilan_Rakyat_Daerah_Provinsi_Jawa_Tengah,elected party seats only
Jawa Tengah,PPP,6,https://id.wikipedia.org/wiki/Dewan_Perwakilan_Rakyat_Daerah_Provinsi_Jawa_Tengah,elected party seats only
Jawa Tengah,PAN,4,https://id.wikipedia.org/wiki/Dewan_Perwakilan_Rakyat_Daerah_Provinsi_Jawa_Tengah,elected party seats only
Jawa Tengah,NasDem,3,https://id.wikipedia.org/wiki/Dewan_Perwakilan_Rakyat_Daerah_Provinsi_Jawa_Tengah,elected party seats only
Jawa Tengah,PSI,2,https://id.wikipedia.org/wiki/Dewan_Perwakilan_Rakyat_Daerah_Provinsi_Jawa_Tengah,elected party seats only
DI Yogyakarta,PDI-P,19,https://id.wikipedia.org/wiki/Dewan_Perwakilan_Rakyat_Daerah_Daerah_Istimewa_Yogyakarta,elected party seats only
DI Yogyakarta,Gerindra,8,https://id.wikipedia.org/wiki/Dewan_Perwakilan_Rakyat_Daerah_Daerah_Istimewa_Yogyakarta,elected party seats only
DI Yogyakarta,PKS,7,https://id.wikipedia.org/wiki/Dewan_Perwakilan_Rakyat_Daerah_Daerah_Istimewa_Yogyakarta,elected party seats only
DI Yogyakarta,Golkar,6,https://id.wikipedia.org/wiki/Dewan_Perwakilan_Rakyat_Daerah_Daerah_Istimewa_Yogyakarta,elected party seats only
DI Yogyakarta,PKB,6,https://id.wikipedia.org/wiki/Dewan_Perwakilan_Rakyat_Daerah_Daerah_Istimewa_Yogyakarta,elected party seats only
DI Yogyakarta,PAN,5,https://id.wikipedia.org/wiki/Dewan_Perwakilan_Rakyat_Daerah_Daerah_Istimewa_Yogyakarta,elected party seats only
DI Yogyakarta,NasDem,2,https://id.wikipedia.org/wiki/Dewan_Perwakilan_Rakyat_Daerah_Daerah_Istimewa_Yogyakarta,elected party seats only
DI Yogyakarta,PPP,1,https://id.wikipedia.org/wiki/Dewan_Perwakilan_Rakyat_Daerah_Daerah_Istimewa_Yogyakarta,elected party seats only
DI Yogyakarta,PSI,1,https://id.wikipedia.org/wiki/Dewan_Perwakilan_Rakyat_Daerah_Daerah_Istimewa_Yogyakarta,elected party seats only
Jawa Timur,PKB,27,https://id.wikipedia.org/wiki/Dewan_Perwakilan_Rakyat_Daerah_Provinsi_Jawa_Timur,elected party seats only
Jawa Timur,Gerindra,21,https://id.wikipedia.org/wiki/Dewan_Perwakilan_Rakyat_Daerah_Provinsi_Jawa_Timur,elected party seats only
Jawa Timur,PDI-P,21,https://id.wikipedia.org/wiki/Dewan_Perwakilan_Rakyat_Daerah_Provinsi_Jawa_Timur,elected party seats only
Jawa Timur,Golkar,15,https://id.wikipedia.org/wiki/Dewan_Perwakilan_Rakyat_Daerah_Provinsi_Jawa_Timur,elected party seats only
Jawa Timur,Demokrat,11,https://id.wikipedia.org/wiki/Dewan_Perwakilan_Rakyat_Daerah_Provinsi_Jawa_Timur,elected party seats only
Jawa Timur,NasDem,10,https://id.wikipedia.org/wiki/Dewan_Perwakilan_Rakyat_Daerah_Provinsi_Jawa_Timur,elected party seats only
Jawa Timur,PAN,5,https://id.wikipedia.org/wiki/Dewan_Perwakilan_Rakyat_Daerah_Provinsi_Jawa_Timur,elected party seats only
Jawa Timur,PKS,5,https://id.wikipedia.org/wiki/Dewan_Perwakilan_Rakyat_Daerah_Provinsi_Jawa_Timur,elected party seats only
Jawa Timur,PPP,4,https://id.wikipedia.org/wiki/Dewan_Perwakilan_Rakyat_Daerah_Provinsi_Jawa_Timur,elected party seats only
Jawa Timur,PSI,1,https://id.wikipedia.org/wiki/Dewan_Perwakilan_Rakyat_Daerah_Provinsi_Jawa_Timur,elected party seats only
Bali,PDI-P,32,https://id.wikipedia.org/wiki/Dewan_Perwakilan_Rakyat_Daerah_Provinsi_Bali,elected party seats only
Bali,Gerindra,10,https://id.wikipedia.org/wiki/Dewan_Perwakilan_Rakyat_Daerah_Provinsi_Bali,elected party seats only
Bali,Golkar,7,https://id.wikipedia.org/wiki/Dewan_Perwakilan_Rakyat_Daerah_Provinsi_Bali,elected party seats only
Bali,Demokrat,3,https://id.wikipedia.org/wiki/Dewan_Perwakilan_Rakyat_Daerah_Provinsi_Bali,elected party seats only
Bali,NasDem,2,https://id.wikipedia.org/wiki/Dewan_Perwakilan_Rakyat_Daerah_Provinsi_Bali,elected party seats only
Bali,PSI,1,https://id.wikipedia.org/wiki/Dewan_Perwakilan_Rakyat_Daerah_Provinsi_Bali,elected party seats only
Nusa Tenggara Barat,Gerindra,10,https://id.wikipedia.org/wiki/Dewan_Perwakilan_Rakyat_Daerah_Provinsi_Nusa_Tenggara_Barat,elected party seats only
Nusa Tenggara Barat,Golkar,10,https://id.wikipedia.org/wiki/Dewan_Perwakilan_Rakyat_Daerah_Provinsi_Nusa_Tenggara_Barat,elected party seats only
Nusa Tenggara Barat,PKS,8,https://id.wikipedia.org/wiki/Dewan_Perwakilan_Rakyat_Daerah_Provinsi_Nusa_Tenggara_Barat,elected party seats only
Nusa Tenggara Barat,PPP,7,https://id.wikipedia.org/wiki/Dewan_Perwakilan_Rakyat_Daerah_Provinsi_Nusa_Tenggara_Barat,elected party seats only
Nusa Tenggara Barat,Demokrat,6,https://id.wikipedia.org/wiki/Dewan_Perwakilan_Rakyat_Daerah_Provinsi_Nusa_Tenggara_Barat,elected party seats only
Nusa Tenggara Barat,PKB,6,https://id.wikipedia.org/wiki/Dewan_Perwakilan_Rakyat_Daerah_Provinsi_Nusa_Tenggara_Barat,elected party seats only
Nusa Tenggara Barat,NasDem,4,https://id.wikipedia.org/wiki/Dewan_Perwakilan_Rakyat_Daerah_Provinsi_Nusa_Tenggara_Barat,elected party seats only
Nusa Tenggara Barat,PAN,4,https://id.wikipedia.org/wiki/Dewan_Perwakilan_Rakyat_Daerah_Provinsi_Nusa_Tenggara_Barat,elected party seats only
Nusa Tenggara Barat,PDI-P,4,https://id.wikipedia.org/wiki/Dewan_Perwakilan_Rakyat_Daerah_Provinsi_Nusa_Tenggara_Barat,elected party seats only
Nusa Tenggara Barat,Perindo,3,https://id.wikipedia.org/wiki/Dewan_Perwakilan_Rakyat_Daerah_Provinsi_Nusa_Tenggara_Barat,elected party seats only
Nusa Tenggara Barat,PBB,2,https://id.wikipedia.org/wiki/Dewan_Perwakilan_Rakyat_Daerah_Provinsi_Nusa_Tenggara_Barat,elected party seats only
Nusa Tenggara Barat,Hanura,1,https://id.wikipedia.org/wiki/Dewan_Perwakilan_Rakyat_Daerah_Provinsi_Nusa_Tenggara_Barat,elected party seats only
Nusa Tenggara Timur,Gerindra,9,https://id.wikipedia.org/wiki/Dewan_Perwakilan_Rakyat_Daerah_Provinsi_Nusa_Tenggara_Timur,elected party seats only
Nusa Tenggara Timur,Golkar,9,https://id.wikipedia.org/wiki/Dewan_Perwakilan_Rakyat_Daerah_Provinsi_Nusa_Tenggara_Timur,elected party seats only
Nusa Tenggara Timur,PDI-P,9,https://id.wikipedia.org/wiki/Dewan_Perwakilan_Rakyat_Daerah_Provinsi_Nusa_Tenggara_Timur,elected party seats only
Nusa Tenggara Timur,NasDem,8,https://id.wikipedia.org/wiki/Dewan_Perwakilan_Rakyat_Daerah_Provinsi_Nusa_Tenggara_Timur,elected party seats only
Nusa Tenggara Timur,Demokrat,7,https://id.wikipedia.org/wiki/Dewan_Perwakilan_Rakyat_Daerah_Provinsi_Nusa_Tenggara_Timur,elected party seats only
Nusa Tenggara Timur,PKB,7,https://id.wikipedia.org/wiki/Dewan_Perwakilan_Rakyat_Daerah_Provinsi_Nusa_Tenggara_Timur,elected party seats only
Nusa Tenggara Timur,PSI,6,https://id.wikipedia.org/wiki/Dewan_Perwakilan_Rakyat_Daerah_Provinsi_Nusa_Tenggara_Timur,elected party seats only
Nusa Tenggara Timur,Hanura,4,https://id.wikipedia.org/wiki/Dewan_Perwakilan_Rakyat_Daerah_Provinsi_Nusa_Tenggara_Timur,elected party seats only
Nusa Tenggara Timur,PAN,4,https://id.wikipedia.org/wiki/Dewan_Perwakilan_Rakyat_Daerah_Provinsi_Nusa_Tenggara_Timur,elected party seats only
Nusa Tenggara Timur,PKS,1,https://id.wikipedia.org/wiki/Dewan_Perwakilan_Rakyat_Daerah_Provinsi_Nusa_Tenggara_Timur,elected party seats only
Nusa Tenggara Timur,Perindo,1,https://id.wikipedia.org/wiki/Dewan_Perwakilan_Rakyat_Daerah_Provinsi_Nusa_Tenggara_Timur,elected party seats only
Kalimantan Barat,PDI-P,13,https://id.wikipedia.org/wiki/Dewan_Perwakilan_Rakyat_Daerah_Provinsi_Kalimantan_Barat,elected party seats only
Kalimantan Barat,NasDem,10,https://id.wikipedia.org/wiki/Dewan_Perwakilan_Rakyat_Daerah_Provinsi_Kalimantan_Barat,elected party seats only
Kalimantan Barat,Gerindra,9,https://id.wikipedia.org/wiki/Dewan_Perwakilan_Rakyat_Daerah_Provinsi_Kalimantan_Barat,elected party seats only
Kalimantan Barat,Golkar,9,https://id.wikipedia.org/wiki/Dewan_Perwakilan_Rakyat_Daerah_Provinsi_Kalimantan_Barat,elected party seats only
Kalimantan Barat,Demokrat,6,https://id.wikipedia.org/wiki/Dewan_Perwakilan_Rakyat_Daerah_Provinsi_Kalimantan_Barat,elected party seats only
Kalimantan Barat,PAN,5,https://id.wikipedia.org/wiki/Dewan_Perwakilan_Rakyat_Daerah_Provinsi_Kalimantan_Barat,elected party seats only
Kalimantan Barat,PKB,5,https://id.wikipedia.org/wiki/Dewan_Perwakilan_Rakyat_Daerah_Provinsi_Kalimantan_Barat,elected party seats only
Kalimantan Barat,Hanura,4,https://id.wikipedia.org/wiki/Dewan_Perwakilan_Rakyat_Daerah_Provinsi_Kalimantan_Barat,elected party seats only
Kalimantan Barat,PKS,2,https://id.wikipedia.org/wiki/Dewan_Perwakilan_Rakyat_Daerah_Provinsi_Kalimantan_Barat,elected party seats only
Kalimantan Barat,PPP,2,https://id.wikipedia.org/wiki/Dewan_Perwakilan_Rakyat_Daerah_Provinsi_Kalimantan_Barat,elected party seats only
Kalimantan Tengah,PDI-P,10,https://id.wikipedia.org/wiki/Dewan_Perwakilan_Rakyat_Daerah_Provinsi_Kalimantan_Tengah,elected party seats only
Kalimantan Tengah,Golkar,8,https://id.wikipedia.org/wiki/Dewan_Perwakilan_Rakyat_Daerah_Provinsi_Kalimantan_Tengah,elected party seats only
Kalimantan Tengah,Demokrat,6,https://id.wikipedia.org/wiki/Dewan_Perwakilan_Rakyat_Daerah_Provinsi_Kalimantan_Tengah,elected party seats only
Kalimantan Tengah,Gerindra,6,https://id.wikipedia.org/wiki/Dewan_Perwakilan_Rakyat_Daerah_Provinsi_Kalimantan_Tengah,elected party seats only
Kalimantan Tengah,NasDem,5,https://id.wikipedia.org/wiki/Dewan_Perwakilan_Rakyat_Daerah_Provinsi_Kalimantan_Tengah,elected party seats only
Kalimantan Tengah,PAN,4,https://id.wikipedia.org/wiki/Dewan_Perwakilan_Rakyat_Daerah_Provinsi_Kalimantan_Tengah,elected party seats only
Kalimantan Tengah,PKB,4,https://id.wikipedia.org/wiki/Dewan_Perwakilan_Rakyat_Daerah_Provinsi_Kalimantan_Tengah,elected party seats only
Kalimantan Tengah,PKS,1,https://id.wikipedia.org/wiki/Dewan_Perwakilan_Rakyat_Daerah_Provinsi_Kalimantan_Tengah,elected party seats only
Kalimantan Tengah,Perindo,1,https://id.wikipedia.org/wiki/Dewan_Perwakilan_Rakyat_Daerah_Provinsi_Kalimantan_Tengah,elected party seats only
Kalimantan Selatan,Golkar,13,https://id.wikipedia.org/wiki/Dewan_Perwakilan_Rakyat_Daerah_Provinsi_Kalimantan_Selatan,elected party seats only
Kalimantan Selatan,NasDem,10,https://id.wikipedia.org/wiki/Dewan_Perwakilan_Rakyat_Daerah_Provinsi_Kalimantan_Selatan,elected party seats only
Kalimantan Selatan,Gerindra,7,https://id.wikipedia.org/wiki/Dewan_Perwakilan_Rakyat_Daerah_Provinsi_Kalimantan_Selatan,elected party seats only
Kalimantan Selatan,PAN,6,https://id.wikipedia.org/wiki/Dewan_Perwakilan_Rakyat_Daerah_Provinsi_Kalimantan_Selatan,elected party seats only
Kalimantan Selatan,PKB,6,https://id.wikipedia.org/wiki/Dewan_Perwakilan_Rakyat_Daerah_Provinsi_Kalimantan_Selatan,elected party seats only
Kalimantan Selatan,PKS,6,https://id.wikipedia.org/wiki/Dewan_Perwakilan_Rakyat_Daerah_Provinsi_Kalimantan_Selatan,elected party seats only
Kalimantan Selatan,Demokrat,3,https://id.wikipedia.org/wiki/Dewan_Perwakilan_Rakyat_Daerah_Provinsi_Kalimantan_Selatan,elected party seats only
Kalimantan Selatan,PDI-P,3,https://id.wikipedia.org/wiki/Dewan_Perwakilan_Rakyat_Daerah_Provinsi_Kalimantan_Selatan,elected party seats only
Kalimantan Selatan,PPP,1,https://id.wikipedia.org/wiki/Dewan_Perwakilan_Rakyat_Daerah_Provinsi_Kalimantan_Selatan,elected party seats only
Kalimantan Timur,Golkar,15,https://id.wikipedia.org/wiki/Dewan_Perwakilan_Rakyat_Daerah_Provinsi_Kalimantan_Timur,elected party seats only
Kalimantan Timur,Gerindra,10,https://id.wikipedia.org/wiki/Dewan_Perwakilan_Rakyat_Daerah_Provinsi_Kalimantan_Timur,elected party seats only
Kalimantan Timur,PDI-P,9,https://id.wikipedia.org/wiki/Dewan_Perwakilan_Rakyat_Daerah_Provinsi_Kalimantan_Timur,elected party seats only
Kalimantan Timur,PKB,6,https://id.wikipedia.org/wiki/Dewan_Perwakilan_Rakyat_Daerah_Provinsi_Kalimantan_Timur,elected party seats only
Kalimantan Timur,PAN,4,https://id.wikipedia.org/wiki/Dewan_Perwakilan_Rakyat_Daerah_Provinsi_Kalimantan_Timur,elected party seats only
Kalimantan Timur,PKS,4,https://id.wikipedia.org/wiki/Dewan_Perwakilan_Rakyat_Daerah_Provinsi_Kalimantan_Timur,elected party seats only
Kalimantan Timur,NasDem,3,https://id.wikipedia.org/wiki/Dewan_Perwakilan_Rakyat_Daerah_Provinsi_Kalimantan_Timur,elected party seats only
Kalimantan Timur,Demokrat,2,https://id.wikipedia.org/wiki/Dewan_Perwakilan_Rakyat_Daerah_Provinsi_Kalimantan_Timur,elected party seats only
Kalimantan Timur,PPP,2,https://id.wikipedia.org/wiki/Dewan_Perwakilan_Rakyat_Daerah_Provinsi_Kalimantan_Timur,elected party seats only
Kalimantan Utara,Demokrat,6,https://id.wikipedia.org/wiki/Dewan_Perwakilan_Rakyat_Daerah_Provinsi_Kalimantan_Utara,elected party seats only
Kalimantan Utara,Gerindra,6,https://id.wikipedia.org/wiki/Dewan_Perwakilan_Rakyat_Daerah_Provinsi_Kalimantan_Utara,elected party seats only
Kalimantan Utara,Golkar,6,https://id.wikipedia.org/wiki/Dewan_Perwakilan_Rakyat_Daerah_Provinsi_Kalimantan_Utara,elected party seats only
Kalimantan Utara,PKS,4,https://id.wikipedia.org/wiki/Dewan_Perwakilan_Rakyat_Daerah_Provinsi_Kalimantan_Utara,elected party seats only
Kalimantan Utara,Hanura,3,https://id.wikipedia.org/wiki/Dewan_Perwakilan_Rakyat_Daerah_Provinsi_Kalimantan_Utara,elected party seats only
Kalimantan Utara,PDI-P,3,https://id.wikipedia.org/wiki/Dewan_Perwakilan_Rakyat_Daerah_Provinsi_Kalimantan_Utara,elected party seats only
Kalimantan Utara,NasDem,2,https://id.wikipedia.org/wiki/Dewan_Perwakilan_Rakyat_Daerah_Provinsi_Kalimantan_Utara,elected party seats only
Kalimantan Utara,PAN,2,https://id.wikipedia.org/wiki/Dewan_Perwakilan_Rakyat_Daerah_Provinsi_Kalimantan_Utara,elected party seats only
Kalimantan Utara,PKB,2,https://id.wikipedia.org/wiki/Dewan_Perwakilan_Rakyat_Daerah_Provinsi_Kalimantan_Utara,elected party seats only
Kalimantan Utara,PPP,1,https://id.wikipedia.org/wiki/Dewan_Perwakilan_Rakyat_Daerah_Provinsi_Kalimantan_Utara,elected party seats only
Sulawesi Utara,PDI-P,19,https://id.wikipedia.org/wiki/Dewan_Perwakilan_Rakyat_Daerah_Provinsi_Sulawesi_Utara,elected party seats only
Sulawesi Utara,Demokrat,6,https://id.wikipedia.org/wiki/Dewan_Perwakilan_Rakyat_Daerah_Provinsi_Sulawesi_Utara,elected party seats only
Sulawesi Utara,Golkar,6,https://id.wikipedia.org/wiki/Dewan_Perwakilan_Rakyat_Daerah_Provinsi_Sulawesi_Utara,elected party seats only
Sulawesi Utara,NasDem,6,https://id.wikipedia.org/wiki/Dewan_Perwakilan_Rakyat_Daerah_Provinsi_Sulawesi_Utara,elected party seats only
Sulawesi Utara,Gerindra,4,https://id.wikipedia.org/wiki/Dewan_Perwakilan_Rakyat_Daerah_Provinsi_Sulawesi_Utara,elected party seats only
Sulawesi Utara,PKB,1,https://id.wikipedia.org/wiki/Dewan_Perwakilan_Rakyat_Daerah_Provinsi_Sulawesi_Utara,elected party seats only
Sulawesi Utara,PKS,1,https://id.wikipedia.org/wiki/Dewan_Perwakilan_Rakyat_Daerah_Provinsi_Sulawesi_Utara,elected party seats only
Sulawesi Utara,PSI,1,https://id.wikipedia.org/wiki/Dewan_Perwakilan_Rakyat_Daerah_Provinsi_Sulawesi_Utara,elected party seats only
Sulawesi Utara,Perindo,1,https://id.wikipedia.org/wiki/Dewan_Perwakilan_Rakyat_Daerah_Provinsi_Sulawesi_Utara,elected party seats only
Gorontalo,Golkar,8,https://id.wikipedia.org/wiki/Dewan_Perwakilan_Rakyat_Daerah_Provinsi_Gorontalo,elected party seats only
Gorontalo,NasDem,7,https://id.wikipedia.org/wiki/Dewan_Perwakilan_Rakyat_Daerah_Provinsi_Gorontalo,elected party seats only
Gorontalo,PDI-P,7,https://id.wikipedia.org/wiki/Dewan_Perwakilan_Rakyat_Daerah_Provinsi_Gorontalo,elected party seats only
Gorontalo,Gerindra,6,https://id.wikipedia.org/wiki/Dewan_Perwakilan_Rakyat_Daerah_Provinsi_Gorontalo,elected party seats only
Gorontalo,PKS,5,https://id.wikipedia.org/wiki/Dewan_Perwakilan_Rakyat_Daerah_Provinsi_Gorontalo,elected party seats only
Gorontalo,PPP,4,https://id.wikipedia.org/wiki/Dewan_Perwakilan_Rakyat_Daerah_Provinsi_Gorontalo,elected party seats only
Gorontalo,Demokrat,3,https://id.wikipedia.org/wiki/Dewan_Perwakilan_Rakyat_Daerah_Provinsi_Gorontalo,elected party seats only
Gorontalo,PAN,3,https://id.wikipedia.org/wiki/Dewan_Perwakilan_Rakyat_Daerah_Provinsi_Gorontalo,elected party seats only
Gorontalo,Hanura,1,https://id.wikipedia.org/wiki/Dewan_Perwakilan_Rakyat_Daerah_Provinsi_Gorontalo,elected party seats only
Gorontalo,PKB,1,https://id.wikipedia.org/wiki/Dewan_Perwakilan_Rakyat_Daerah_Provinsi_Gorontalo,elected party seats only
Sulawesi Tengah,Demokrat,8,https://id.wikipedia.org/wiki/Dewan_Perwakilan_Rakyat_Daerah_Provinsi_Sulawesi_Tengah,elected party seats only
Sulawesi Tengah,Golkar,8,https://id.wikipedia.org/wiki/Dewan_Perwakilan_Rakyat_Daerah_Provinsi_Sulawesi_Tengah,elected party seats only
Sulawesi Tengah,NasDem,8,https://id.wikipedia.org/wiki/Dewan_Perwakilan_Rakyat_Daerah_Provinsi_Sulawesi_Tengah,elected party seats only
Sulawesi Tengah,Gerindra,7,https://id.wikipedia.org/wiki/Dewan_Perwakilan_Rakyat_Daerah_Provinsi_Sulawesi_Tengah,elected party seats only
Sulawesi Tengah,PDI-P,7,https://id.wikipedia.org/wiki/Dewan_Perwakilan_Rakyat_Daerah_Provinsi_Sulawesi_Tengah,elected party seats only
Sulawesi Tengah,PKB,5,https://id.wikipedia.org/wiki/Dewan_Perwakilan_Rakyat_Daerah_Provinsi_Sulawesi_Tengah,elected party seats only
Sulawesi Tengah,PKS,5,https://id.wikipedia.org/wiki/Dewan_Perwakilan_Rakyat_Daerah_Provinsi_Sulawesi_Tengah,elected party seats only
Sulawesi Tengah,PAN,2,https://id.wikipedia.org/wiki/Dewan_Perwakilan_Rakyat_Daerah_Provinsi_Sulawesi_Tengah,elected party seats only
Sulawesi Tengah,Perindo,2,https://id.wikipedia.org/wiki/Dewan_Perwakilan_Rakyat_Daerah_Provinsi_Sulawesi_Tengah,elected party seats only
Sulawesi Tengah,Hanura,1,https://id.wikipedia.org/wiki/Dewan_Perwakilan_Rakyat_Daerah_Provinsi_Sulawesi_Tengah,elected party seats only
Sulawesi Tengah,PBB,1,https://id.wikipedia.org/wiki/Dewan_Perwakilan_Rakyat_Daerah_Provinsi_Sulawesi_Tengah,elected party seats only
Sulawesi Tengah,PPP,1,https://id.wikipedia.org/wiki/Dewan_Perwakilan_Rakyat_Daerah_Provinsi_Sulawesi_Tengah,elected party seats only
Sulawesi Selatan,NasDem,17,https://id.wikipedia.org/wiki/Dewan_Perwakilan_Rakyat_Daerah_Provinsi_Sulawesi_Selatan,elected party seats only
Sulawesi Selatan,Golkar,14,https://id.wikipedia.org/wiki/Dewan_Perwakilan_Rakyat_Daerah_Provinsi_Sulawesi_Selatan,elected party seats only
Sulawesi Selatan,Gerindra,13,https://id.wikipedia.org/wiki/Dewan_Perwakilan_Rakyat_Daerah_Provinsi_Sulawesi_Selatan,elected party seats only
Sulawesi Selatan,PKB,8,https://id.wikipedia.org/wiki/Dewan_Perwakilan_Rakyat_Daerah_Provinsi_Sulawesi_Selatan,elected party seats only
Sulawesi Selatan,PPP,8,https://id.wikipedia.org/wiki/Dewan_Perwakilan_Rakyat_Daerah_Provinsi_Sulawesi_Selatan,elected party seats only
Sulawesi Selatan,Demokrat,7,https://id.wikipedia.org/wiki/Dewan_Perwakilan_Rakyat_Daerah_Provinsi_Sulawesi_Selatan,elected party seats only
Sulawesi Selatan,PKS,7,https://id.wikipedia.org/wiki/Dewan_Perwakilan_Rakyat_Daerah_Provinsi_Sulawesi_Selatan,elected party seats only
Sulawesi Selatan,PDI-P,6,https://id.wikipedia.org/wiki/Dewan_Perwakilan_Rakyat_Daerah_Provinsi_Sulawesi_Selatan,elected party seats only
Sulawesi Selatan,PAN,4,https://id.wikipedia.org/wiki/Dewan_Perwakilan_Rakyat_Daerah_Provinsi_Sulawesi_Selatan,elected party seats only
Sulawesi Selatan,Hanura,1,https://id.wikipedia.org/wiki/Dewan_Perwakilan_Rakyat_Daerah_Provinsi_Sulawesi_Selatan,elected party seats only
Sulawesi Tenggara,Golkar,6,https://id.wikipedia.org/wiki/Dewan_Perwakilan_Rakyat_Daerah_Provinsi_Sulawesi_Tenggara,elected party seats only
Sulawesi Tenggara,NasDem,6,https://id.wikipedia.org/wiki/Dewan_Perwakilan_Rakyat_Daerah_Provinsi_Sulawesi_Tenggara,elected party seats only
Sulawesi Tenggara,PDI-P,6,https://id.wikipedia.org/wiki/Dewan_Perwakilan_Rakyat_Daerah_Provinsi_Sulawesi_Tenggara,elected party seats only
Sulawesi Tenggara,Gerindra,5,https://id.wikipedia.org/wiki/Dewan_Perwakilan_Rakyat_Daerah_Provinsi_Sulawesi_Tenggara,elected party seats only
Sulawesi Tenggara,Demokrat,4,https://id.wikipedia.org/wiki/Dewan_Perwakilan_Rakyat_Daerah_Provinsi_Sulawesi_Tenggara,elected party seats only
Sulawesi Tenggara,PBB,4,https://id.wikipedia.org/wiki/Dewan_Perwakilan_Rakyat_Daerah_Provinsi_Sulawesi_Tenggara,elected party seats only
Sulawesi Tenggara,PKS,4,https://id.wikipedia.org/wiki/Dewan_Perwakilan_Rakyat_Daerah_Provinsi_Sulawesi_Tenggara,elected party seats only
Sulawesi Tenggara,PAN,3,https://id.wikipedia.org/wiki/Dewan_Perwakilan_Rakyat_Daerah_Provinsi_Sulawesi_Tenggara,elected party seats only
Sulawesi Tenggara,PKB,3,https://id.wikipedia.org/wiki/Dewan_Perwakilan_Rakyat_Daerah_Provinsi_Sulawesi_Tenggara,elected party seats only
Sulawesi Tenggara,PPP,3,https://id.wikipedia.org/wiki/Dewan_Perwakilan_Rakyat_Daerah_Provinsi_Sulawesi_Tenggara,elected party seats only
Sulawesi Tenggara,Hanura,1,https://id.wikipedia.org/wiki/Dewan_Perwakilan_Rakyat_Daerah_Provinsi_Sulawesi_Tenggara,elected party seats only
Sulawesi Barat,Golkar,10,https://id.wikipedia.org/wiki/Dewan_Perwakilan_Rakyat_Daerah_Provinsi_Sulawesi_Barat,elected party seats only
Sulawesi Barat,Demokrat,8,https://id.wikipedia.org/wiki/Dewan_Perwakilan_Rakyat_Daerah_Provinsi_Sulawesi_Barat,elected party seats only
Sulawesi Barat,Gerindra,5,https://id.wikipedia.org/wiki/Dewan_Perwakilan_Rakyat_Daerah_Provinsi_Sulawesi_Barat,elected party seats only
Sulawesi Barat,NasDem,5,https://id.wikipedia.org/wiki/Dewan_Perwakilan_Rakyat_Daerah_Provinsi_Sulawesi_Barat,elected party seats only
Sulawesi Barat,PAN,5,https://id.wikipedia.org/wiki/Dewan_Perwakilan_Rakyat_Daerah_Provinsi_Sulawesi_Barat,elected party seats only
Sulawesi Barat,PDI-P,5,https://id.wikipedia.org/wiki/Dewan_Perwakilan_Rakyat_Daerah_Provinsi_Sulawesi_Barat,elected party seats only
Sulawesi Barat,PKB,3,https://id.wikipedia.org/wiki/Dewan_Perwakilan_Rakyat_Daerah_Provinsi_Sulawesi_Barat,elected party seats only
Sulawesi Barat,Hanura,2,https://id.wikipedia.org/wiki/Dewan_Perwakilan_Rakyat_Daerah_Provinsi_Sulawesi_Barat,elected party seats only
Sulawesi Barat,PKS,1,https://id.wikipedia.org/wiki/Dewan_Perwakilan_Rakyat_Daerah_Provinsi_Sulawesi_Barat,elected party seats only
Sulawesi Barat,PPP,1,https://id.wikipedia.org/wiki/Dewan_Perwakilan_Rakyat_Daerah_Provinsi_Sulawesi_Barat,elected party seats only
Maluku,PDI-P,8,https://id.wikipedia.org/wiki/Dewan_Perwakilan_Rakyat_Daerah_Provinsi_Maluku,elected party seats only
Maluku,NasDem,6,https://id.wikipedia.org/wiki/Dewan_Perwakilan_Rakyat_Daerah_Provinsi_Maluku,elected party seats only
Maluku,Gerindra,5,https://id.wikipedia.org/wiki/Dewan_Perwakilan_Rakyat_Daerah_Provinsi_Maluku,elected party seats only
Maluku,Demokrat,4,https://id.wikipedia.org/wiki/Dewan_Perwakilan_Rakyat_Daerah_Provinsi_Maluku,elected party seats only
Maluku,Golkar,4,https://id.wikipedia.org/wiki/Dewan_Perwakilan_Rakyat_Daerah_Provinsi_Maluku,elected party seats only
Maluku,PKB,4,https://id.wikipedia.org/wiki/Dewan_Perwakilan_Rakyat_Daerah_Provinsi_Maluku,elected party seats only
Maluku,PKS,4,https://id.wikipedia.org/wiki/Dewan_Perwakilan_Rakyat_Daerah_Provinsi_Maluku,elected party seats only
Maluku,Hanura,3,https://id.wikipedia.org/wiki/Dewan_Perwakilan_Rakyat_Daerah_Provinsi_Maluku,elected party seats only
Maluku,PAN,3,https://id.wikipedia.org/wiki/Dewan_Perwakilan_Rakyat_Daerah_Provinsi_Maluku,elected party seats only
Maluku,PPP,2,https://id.wikipedia.org/wiki/Dewan_Perwakilan_Rakyat_Daerah_Provinsi_Maluku,elected party seats only
Maluku,Perindo,2,https://id.wikipedia.org/wiki/Dewan_Perwakilan_Rakyat_Daerah_Provinsi_Maluku,elected party seats only
Maluku Utara,Golkar,8,https://id.wikipedia.org/wiki/Dewan_Perwakilan_Rakyat_Daerah_Provinsi_Maluku_Utara,elected party seats only
Maluku Utara,Hanura,5,https://id.wikipedia.org/wiki/Dewan_Perwakilan_Rakyat_Daerah_Provinsi_Maluku_Utara,elected party seats only
Maluku Utara,NasDem,5,https://id.wikipedia.org/wiki/Dewan_Perwakilan_Rakyat_Daerah_Provinsi_Maluku_Utara,elected party seats only
Maluku Utara,PDI-P,5,https://id.wikipedia.org/wiki/Dewan_Perwakilan_Rakyat_Daerah_Provinsi_Maluku_Utara,elected party seats only
Maluku Utara,PKS,5,https://id.wikipedia.org/wiki/Dewan_Perwakilan_Rakyat_Daerah_Provinsi_Maluku_Utara,elected party seats only
Maluku Utara,Gerindra,4,https://id.wikipedia.org/wiki/Dewan_Perwakilan_Rakyat_Daerah_Provinsi_Maluku_Utara,elected party seats only
Maluku Utara,PKB,4,https://id.wikipedia.org/wiki/Dewan_Perwakilan_Rakyat_Daerah_Provinsi_Maluku_Utara,elected party seats only
Maluku Utara,Demokrat,3,https://id.wikipedia.org/wiki/Dewan_Perwakilan_Rakyat_Daerah_Provinsi_Maluku_Utara,elected party seats only
Maluku Utara,PAN,3,https://id.wikipedia.org/wiki/Dewan_Perwakilan_Rakyat_Daerah_Provinsi_Maluku_Utara,elected party seats only
Maluku Utara,Garuda,1,https://id.wikipedia.org/wiki/Dewan_Perwakilan_Rakyat_Daerah_Provinsi_Maluku_Utara,elected party seats only
Maluku Utara,PBB,1,https://id.wikipedia.org/wiki/Dewan_Perwakilan_Rakyat_Daerah_Provinsi_Maluku_Utara,elected party seats only
Maluku Utara,Perindo,1,https://id.wikipedia.org/wiki/Dewan_Perwakilan_Rakyat_Daerah_Provinsi_Maluku_Utara,elected party seats only
Papua,Golkar,9,https://id.wikipedia.org/wiki/Dewan_Perwakilan_Rakyat_Daerah_Provinsi_Papua,elected party seats only; Otsus seats excluded
Papua,NasDem,8,https://id.wikipedia.org/wiki/Dewan_Perwakilan_Rakyat_Daerah_Provinsi_Papua,elected party seats only; Otsus seats excluded
Papua,PDI-P,7,https://id.wikipedia.org/wiki/Dewan_Perwakilan_Rakyat_Daerah_Provinsi_Papua,elected party seats only; Otsus seats excluded
Papua,PKS,4,https://id.wikipedia.org/wiki/Dewan_Perwakilan_Rakyat_Daerah_Provinsi_Papua,elected party seats only; Otsus seats excluded
Papua,Demokrat,3,https://id.wikipedia.org/wiki/Dewan_Perwakilan_Rakyat_Daerah_Provinsi_Papua,elected party seats only; Otsus seats excluded
Papua,Gerindra,3,https://id.wikipedia.org/wiki/Dewan_Perwakilan_Rakyat_Daerah_Provinsi_Papua,elected party seats only; Otsus seats excluded
Papua,PAN,3,https://id.wikipedia.org/wiki/Dewan_Perwakilan_Rakyat_Daerah_Provinsi_Papua,elected party seats only; Otsus seats excluded
Papua,PKB,3,https://id.wikipedia.org/wiki/Dewan_Perwakilan_Rakyat_Daerah_Provinsi_Papua,elected party seats only; Otsus seats excluded
Papua,Perindo,3,https://id.wikipedia.org/wiki/Dewan_Perwakilan_Rakyat_Daerah_Provinsi_Papua,elected party seats only; Otsus seats excluded
Papua,PPP,1,https://id.wikipedia.org/wiki/Dewan_Perwakilan_Rakyat_Daerah_Provinsi_Papua,elected party seats only; Otsus seats excluded
Papua,PSI,1,https://id.wikipedia.org/wiki/Dewan_Perwakilan_Rakyat_Daerah_Provinsi_Papua,elected party seats only; Otsus seats excluded
Papua Barat,Golkar,7,https://id.wikipedia.org/wiki/Dewan_Perwakilan_Rakyat_Daerah_Provinsi_Papua_Barat,elected party seats only; Otsus seats excluded
Papua Barat,PDI-P,7,https://id.wikipedia.org/wiki/Dewan_Perwakilan_Rakyat_Daerah_Provinsi_Papua_Barat,elected party seats only; Otsus seats excluded
Papua Barat,NasDem,5,https://id.wikipedia.org/wiki/Dewan_Perwakilan_Rakyat_Daerah_Provinsi_Papua_Barat,elected party seats only; Otsus seats excluded
Papua Barat,Demokrat,3,https://id.wikipedia.org/wiki/Dewan_Perwakilan_Rakyat_Daerah_Provinsi_Papua_Barat,elected party seats only; Otsus seats excluded
Papua Barat,Gerindra,3,https://id.wikipedia.org/wiki/Dewan_Perwakilan_Rakyat_Daerah_Provinsi_Papua_Barat,elected party seats only; Otsus seats excluded
Papua Barat,PAN,3,https://id.wikipedia.org/wiki/Dewan_Perwakilan_Rakyat_Daerah_Provinsi_Papua_Barat,elected party seats only; Otsus seats excluded
Papua Barat,PKB,3,https://id.wikipedia.org/wiki/Dewan_Perwakilan_Rakyat_Daerah_Provinsi_Papua_Barat,elected party seats only; Otsus seats excluded
Papua Barat,Perindo,2,https://id.wikipedia.org/wiki/Dewan_Perwakilan_Rakyat_Daerah_Provinsi_Papua_Barat,elected party seats only; Otsus seats excluded
Papua Barat,PKS,1,https://id.wikipedia.org/wiki/Dewan_Perwakilan_Rakyat_Daerah_Provinsi_Papua_Barat,elected party seats only; Otsus seats excluded
Papua Barat,PPP,1,https://id.wikipedia.org/wiki/Dewan_Perwakilan_Rakyat_Daerah_Provinsi_Papua_Barat,elected party seats only; Otsus seats excluded
Papua Selatan,PDI-P,7,https://id.wikipedia.org/wiki/Dewan_Perwakilan_Rakyat_Daerah_Provinsi_Papua_Selatan,elected party seats only; Otsus seats excluded
Papua Selatan,NasDem,6,https://id.wikipedia.org/wiki/Dewan_Perwakilan_Rakyat_Daerah_Provinsi_Papua_Selatan,elected party seats only; Otsus seats excluded
Papua Selatan,Gerindra,5,https://id.wikipedia.org/wiki/Dewan_Perwakilan_Rakyat_Daerah_Provinsi_Papua_Selatan,elected party seats only; Otsus seats excluded
Papua Selatan,Golkar,4,https://id.wikipedia.org/wiki/Dewan_Perwakilan_Rakyat_Daerah_Provinsi_Papua_Selatan,elected party seats only; Otsus seats excluded
Papua Selatan,PKB,3,https://id.wikipedia.org/wiki/Dewan_Perwakilan_Rakyat_Daerah_Provinsi_Papua_Selatan,elected party seats only; Otsus seats excluded
Papua Selatan,PKS,3,https://id.wikipedia.org/wiki/Dewan_Perwakilan_Rakyat_Daerah_Provinsi_Papua_Selatan,elected party seats only; Otsus seats excluded
Papua Selatan,PPP,2,https://id.wikipedia.org/wiki/Dewan_Perwakilan_Rakyat_Daerah_Provinsi_Papua_Selatan,elected party seats only; Otsus seats excluded
Papua Selatan,Perindo,2,https://id.wikipedia.org/wiki/Dewan_Perwakilan_Rakyat_Daerah_Provinsi_Papua_Selatan,elected party seats only; Otsus seats excluded
Papua Selatan,Demokrat,1,https://id.wikipedia.org/wiki/Dewan_Perwakilan_Rakyat_Daerah_Provinsi_Papua_Selatan,elected party seats only; Otsus seats excluded
Papua Selatan,PAN,1,https://id.wikipedia.org/wiki/Dewan_Perwakilan_Rakyat_Daerah_Provinsi_Papua_Selatan,elected party seats only; Otsus seats excluded
Papua Selatan,PSI,1,https://id.wikipedia.org/wiki/Dewan_Perwakilan_Rakyat_Daerah_Provinsi_Papua_Selatan,elected party seats only; Otsus seats excluded
Papua Tengah,PDI-P,11,https://id.wikipedia.org/wiki/Dewan_Perwakilan_Rakyat_Daerah_Provinsi_Papua_Tengah,elected party seats only; Otsus seats excluded
Papua Tengah,NasDem,5,https://id.wikipedia.org/wiki/Dewan_Perwakilan_Rakyat_Daerah_Provinsi_Papua_Tengah,elected party seats only; Otsus seats excluded
Papua Tengah,Gerindra,4,https://id.wikipedia.org/wiki/Dewan_Perwakilan_Rakyat_Daerah_Provinsi_Papua_Tengah,elected party seats only; Otsus seats excluded
Papua Tengah,Golkar,3,https://id.wikipedia.org/wiki/Dewan_Perwakilan_Rakyat_Daerah_Provinsi_Papua_Tengah,elected party seats only; Otsus seats excluded
Papua Tengah,Hanura,3,https://id.wikipedia.org/wiki/Dewan_Perwakilan_Rakyat_Daerah_Provinsi_Papua_Tengah,elected party seats only; Otsus seats excluded
Papua Tengah,PAN,3,https://id.wikipedia.org/wiki/Dewan_Perwakilan_Rakyat_Daerah_Provinsi_Papua_Tengah,elected party seats only; Otsus seats excluded
Papua Tengah,PKB,3,https://id.wikipedia.org/wiki/Dewan_Perwakilan_Rakyat_Daerah_Provinsi_Papua_Tengah,elected party seats only; Otsus seats excluded
Papua Tengah,Demokrat,2,https://id.wikipedia.org/wiki/Dewan_Perwakilan_Rakyat_Daerah_Provinsi_Papua_Tengah,elected party seats only; Otsus seats excluded
Papua Tengah,PBB,2,https://id.wikipedia.org/wiki/Dewan_Perwakilan_Rakyat_Daerah_Provinsi_Papua_Tengah,elected party seats only; Otsus seats excluded
Papua Tengah,PKS,2,https://id.wikipedia.org/wiki/Dewan_Perwakilan_Rakyat_Daerah_Provinsi_Papua_Tengah,elected party seats only; Otsus seats excluded
Papua Tengah,PSI,2,https://id.wikipedia.org/wiki/Dewan_Perwakilan_Rakyat_Daerah_Provinsi_Papua_Tengah,elected party seats only; Otsus seats excluded
Papua Tengah,Perindo,2,https://id.wikipedia.org/wiki/Dewan_Perwakilan_Rakyat_Daerah_Provinsi_Papua_Tengah,elected party seats only; Otsus seats excluded
Papua Tengah,Garuda,1,https://id.wikipedia.org/wiki/Dewan_Perwakilan_Rakyat_Daerah_Provinsi_Papua_Tengah,elected party seats only; Otsus seats excluded
Papua Tengah,PKN,1,https://id.wikipedia.org/wiki/Dewan_Perwakilan_Rakyat_Daerah_Provinsi_Papua_Tengah,elected party seats only; Otsus seats excluded
Papua Tengah,PPP,1,https://id.wikipedia.org/wiki/Dewan_Perwakilan_Rakyat_Daerah_Provinsi_Papua_Tengah,elected party seats only; Otsus seats excluded
Papua Pegunungan,NasDem,11,https://id.wikipedia.org/wiki/Dewan_Perwakilan_Rakyat_Daerah_Provinsi_Papua_Pegunungan,elected party seats only; Otsus seats excluded
Papua Pegunungan,Demokrat,5,https://id.wikipedia.org/wiki/Dewan_Perwakilan_Rakyat_Daerah_Provinsi_Papua_Pegunungan,elected party seats only; Otsus seats excluded
Papua Pegunungan,PKS,5,https://id.wikipedia.org/wiki/Dewan_Perwakilan_Rakyat_Daerah_Provinsi_Papua_Pegunungan,elected party seats only; Otsus seats excluded
Papua Pegunungan,PDI-P,4,https://id.wikipedia.org/wiki/Dewan_Perwakilan_Rakyat_Daerah_Provinsi_Papua_Pegunungan,elected party seats only; Otsus seats excluded
Papua Pegunungan,Perindo,4,https://id.wikipedia.org/wiki/Dewan_Perwakilan_Rakyat_Daerah_Provinsi_Papua_Pegunungan,elected party seats only; Otsus seats excluded
Papua Pegunungan,Gerindra,3,https://id.wikipedia.org/wiki/Dewan_Perwakilan_Rakyat_Daerah_Provinsi_Papua_Pegunungan,elected party seats only; Otsus seats excluded
Papua Pegunungan,Golkar,3,https://id.wikipedia.org/wiki/Dewan_Perwakilan_Rakyat_Daerah_Provinsi_Papua_Pegunungan,elected party seats only; Otsus seats excluded
Papua Pegunungan,PAN,2,https://id.wikipedia.org/wiki/Dewan_Perwakilan_Rakyat_Daerah_Provinsi_Papua_Pegunungan,elected party seats only; Otsus seats excluded
Papua Pegunungan,PKN,2,https://id.wikipedia.org/wiki/Dewan_Perwakilan_Rakyat_Daerah_Provinsi_Papua_Pegunungan,elected party seats only; Otsus seats excluded
Papua Pegunungan,PSI,2,https://id.wikipedia.org/wiki/Dewan_Perwakilan_Rakyat_Daerah_Provinsi_Papua_Pegunungan,elected party seats only; Otsus seats excluded
Papua Pegunungan,Garuda,1,https://id.wikipedia.org/wiki/Dewan_Perwakilan_Rakyat_Daerah_Provinsi_Papua_Pegunungan,elected party seats only; Otsus seats excluded
Papua Pegunungan,Gelora,1,https://id.wikipedia.org/wiki/Dewan_Perwakilan_Rakyat_Daerah_Provinsi_Papua_Pegunungan,elected party seats only; Otsus seats excluded
Papua Pegunungan,PBB,1,https://id.wikipedia.org/wiki/Dewan_Perwakilan_Rakyat_Daerah_Provinsi_Papua_Pegunungan,elected party seats only; Otsus seats excluded
Papua Pegunungan,PKB,1,https://id.wikipedia.org/wiki/Dewan_Perwakilan_Rakyat_Daerah_Provinsi_Papua_Pegunungan,elected party seats only; Otsus seats excluded
Papua Barat Daya,Golkar,8,https://id.wikipedia.org/wiki/Dewan_Perwakilan_Rakyat_Daerah_Provinsi_Papua_Barat_Daya,elected party seats only; Otsus seats excluded
Papua Barat Daya,Demokrat,5,https://id.wikipedia.org/wiki/Dewan_Perwakilan_Rakyat_Daerah_Provinsi_Papua_Barat_Daya,elected party seats only; Otsus seats excluded
Papua Barat Daya,PDI-P,5,https://id.wikipedia.org/wiki/Dewan_Perwakilan_Rakyat_Daerah_Provinsi_Papua_Barat_Daya,elected party seats only; Otsus seats excluded
Papua Barat Daya,NasDem,4,https://id.wikipedia.org/wiki/Dewan_Perwakilan_Rakyat_Daerah_Provinsi_Papua_Barat_Daya,elected party seats only; Otsus seats excluded
Papua Barat Daya,Gerindra,3,https://id.wikipedia.org/wiki/Dewan_Perwakilan_Rakyat_Daerah_Provinsi_Papua_Barat_Daya,elected party seats only; Otsus seats excluded
Papua Barat Daya,Hanura,3,https://id.wikipedia.org/wiki/Dewan_Perwakilan_Rakyat_Daerah_Provinsi_Papua_Barat_Daya,elected party seats only; Otsus seats excluded
Papua Barat Daya,Perindo,3,https://id.wikipedia.org/wiki/Dewan_Perwakilan_Rakyat_Daerah_Provinsi_Papua_Barat_Daya,elected party seats only; Otsus seats excluded
Papua Barat Daya,PAN,1,https://id.wikipedia.org/wiki/Dewan_Perwakilan_Rakyat_Daerah_Provinsi_Papua_Barat_Daya,elected party seats only; Otsus seats excluded
Papua Barat Daya,PKB,1,https://id.wikipedia.org/wiki/Dewan_Perwakilan_Rakyat_Daerah_Provinsi_Papua_Barat_Daya,elected party seats only; Otsus seats excluded
Papua Barat Daya,PKS,1,https://id.wikipedia.org/wiki/Dewan_Perwakilan_Rakyat_Daerah_Provinsi_Papua_Barat_Daya,elected party seats only; Otsus seats excluded
Papua Barat Daya,PSI,1,https://id.wikipedia.org/wiki/Dewan_Perwakilan_Rakyat_Daerah_Provinsi_Papua_Barat_Daya,elected party seats only; Otsus seats excluded
